date,sku,demand,lead_time,parca_ailesi,arac_modeli,birim_fiyat,lot_size,mevcut_stok
2024-01-07,SKU_101_LC,256,2,Bağlantı_Elemanı,Lion's City,3.5,100,548
2024-01-14,SKU_101_LC,170,2,Bağlantı_Elemanı,Lion's City,3.5,100,548
2024-01-21,SKU_101_LC,0,2,Bağlantı_Elemanı,Lion's City,3.5,100,548
2024-01-28,SKU_101_LC,0,2,Bağlantı_Elemanı,Lion's City,3.5,100,548
2024-02-04,SKU_101_LC,0,2,Bağlantı_Elemanı,Lion's City,3.5,100,548
2024-02-11,SKU_101_LC,249,2,Bağlantı_Elemanı,Lion's City,3.5,100,548
2024-02-18,SKU_101_LC,0,2,Bağlantı_Elemanı,Lion's City,3.5,100,548
2024-02-25,SKU_101_LC,202,2,Bağlantı_Elemanı,Lion's City,3.5,100,548
2024-03-03,SKU_101_LC,187,2,Bağlantı_Elemanı,Lion's City,3.5,100,548
2024-03-10,SKU_101_LC,0,2,Bağlantı_Elemanı,Lion's City,3.5,100,548
2024-03-17,SKU_101_LC,207,2,Bağlantı_Elemanı,Lion's City,3.5,100,548
2024-03-24,SKU_101_LC,238,2,Bağlantı_Elemanı,Lion's City,3.5,100,548
2024-03-31,SKU_101_LC,0,2,Bağlantı_Elemanı,Lion's City,3.5,100,548
2024-04-07,SKU_101_LC,164,2,Bağlantı_Elemanı,Lion's City,3.5,100,548
2024-04-14,SKU_101_LC,200,2,Bağlantı_Elemanı,Lion's City,3.5,100,548
2024-04-21,SKU_101_LC,213,2,Bağlantı_Elemanı,Lion's City,3.5,100,548
2024-04-28,SKU_101_LC,200,2,Bağlantı_Elemanı,Lion's City,3.5,100,548
2024-05-05,SKU_101_LC,222,2,Bağlantı_Elemanı,Lion's City,3.5,100,548
2024-05-12,SKU_101_LC,0,2,Bağlantı_Elemanı,Lion's City,3.5,100,548
2024-05-19,SKU_101_LC,209,2,Bağlantı_Elemanı,Lion's City,3.5,100,548
2024-05-26,SKU_101_LC,158,2,Bağlantı_Elemanı,Lion's City,3.5,100,548
2024-06-02,SKU_101_LC,0,2,Bağlantı_Elemanı,Lion's City,3.5,100,548
2024-06-09,SKU_101_LC,0,2,Bağlantı_Elemanı,Lion's City,3.5,100,548
2024-06-16,SKU_101_LC,0,2,Bağlantı_Elemanı,Lion's City,3.5,100,548
2024-06-23,SKU_101_LC,157,2,Bağlantı_Elemanı,Lion's City,3.5,100,548
2024-06-30,SKU_101_LC,0,2,Bağlantı_Elemanı,Lion's City,3.5,100,548
2024-07-07,SKU_101_LC,199,2,Bağlantı_Elemanı,Lion's City,3.5,100,548
2024-07-14,SKU_101_LC,151,2,Bağlantı_Elemanı,Lion's City,3.5,100,548
2024-07-21,SKU_101_LC,203,2,Bağlantı_Elemanı,Lion's City,3.5,100,548
2024-07-28,SKU_101_LC,203,2,Bağlantı_Elemanı,Lion's City,3.5,100,548
2024-08-04,SKU_101_LC,0,2,Bağlantı_Elemanı,Lion's City,3.5,100,548
2024-08-11,SKU_101_LC,193,2,Bağlantı_Elemanı,Lion's City,3.5,100,548
2024-08-18,SKU_101_LC,163,2,Bağlantı_Elemanı,Lion's City,3.5,100,548
2024-08-25,SKU_101_LC,164,2,Bağlantı_Elemanı,Lion's City,3.5,100,548
2024-09-01,SKU_101_LC,0,2,Bağlantı_Elemanı,Lion's City,3.5,100,548
2024-09-08,SKU_101_LC,0,2,Bağlantı_Elemanı,Lion's City,3.5,100,548
2024-09-15,SKU_101_LC,0,2,Bağlantı_Elemanı,Lion's City,3.5,100,548
2024-09-22,SKU_101_LC,231,2,Bağlantı_Elemanı,Lion's City,3.5,100,548
2024-09-29,SKU_101_LC,173,2,Bağlantı_Elemanı,Lion's City,3.5,100,548
2024-10-06,SKU_101_LC,273,2,Bağlantı_Elemanı,Lion's City,3.5,100,548
2024-10-13,SKU_101_LC,0,2,Bağlantı_Elemanı,Lion's City,3.5,100,548
2024-10-20,SKU_101_LC,0,2,Bağlantı_Elemanı,Lion's City,3.5,100,548
2024-10-27,SKU_101_LC,0,2,Bağlantı_Elemanı,Lion's City,3.5,100,548
2024-11-03,SKU_101_LC,0,2,Bağlantı_Elemanı,Lion's City,3.5,100,548
2024-11-10,SKU_101_LC,278,2,Bağlantı_Elemanı,Lion's City,3.5,100,548
2024-11-17,SKU_101_LC,0,2,Bağlantı_Elemanı,Lion's City,3.5,100,548
2024-11-24,SKU_101_LC,0,2,Bağlantı_Elemanı,Lion's City,3.5,100,548
2024-12-01,SKU_101_LC,230,2,Bağlantı_Elemanı,Lion's City,3.5,100,548
2024-12-08,SKU_101_LC,182,2,Bağlantı_Elemanı,Lion's City,3.5,100,548
2024-12-15,SKU_101_LC,190,2,Bağlantı_Elemanı,Lion's City,3.5,100,548
2024-12-22,SKU_101_LC,221,2,Bağlantı_Elemanı,Lion's City,3.5,100,548
2024-12-29,SKU_101_LC,182,2,Bağlantı_Elemanı,Lion's City,3.5,100,548
2025-01-05,SKU_101_LC,0,2,Bağlantı_Elemanı,Lion's City,3.5,100,548
2025-01-12,SKU_101_LC,186,2,Bağlantı_Elemanı,Lion's City,3.5,100,548
2025-01-19,SKU_101_LC,253,2,Bağlantı_Elemanı,Lion's City,3.5,100,548
2025-01-26,SKU_101_LC,0,2,Bağlantı_Elemanı,Lion's City,3.5,100,548
2025-02-02,SKU_101_LC,250,2,Bağlantı_Elemanı,Lion's City,3.5,100,548
2025-02-09,SKU_101_LC,280,2,Bağlantı_Elemanı,Lion's City,3.5,100,548
2025-02-16,SKU_101_LC,291,2,Bağlantı_Elemanı,Lion's City,3.5,100,548
2025-02-23,SKU_101_LC,286,2,Bağlantı_Elemanı,Lion's City,3.5,100,548
2025-03-02,SKU_101_LC,239,2,Bağlantı_Elemanı,Lion's City,3.5,100,548
2025-03-09,SKU_101_LC,0,2,Bağlantı_Elemanı,Lion's City,3.5,100,548
2025-03-16,SKU_101_LC,0,2,Bağlantı_Elemanı,Lion's City,3.5,100,548
2025-03-23,SKU_101_LC,0,2,Bağlantı_Elemanı,Lion's City,3.5,100,548
2025-03-30,SKU_101_LC,201,2,Bağlantı_Elemanı,Lion's City,3.5,100,548
2025-04-06,SKU_101_LC,281,2,Bağlantı_Elemanı,Lion's City,3.5,100,548
2025-04-13,SKU_101_LC,292,2,Bağlantı_Elemanı,Lion's City,3.5,100,548
2025-04-20,SKU_101_LC,185,2,Bağlantı_Elemanı,Lion's City,3.5,100,548
2025-04-27,SKU_101_LC,220,2,Bağlantı_Elemanı,Lion's City,3.5,100,548
2025-05-04,SKU_101_LC,0,2,Bağlantı_Elemanı,Lion's City,3.5,100,548
2025-05-11,SKU_101_LC,0,2,Bağlantı_Elemanı,Lion's City,3.5,100,548
2025-05-18,SKU_101_LC,194,2,Bağlantı_Elemanı,Lion's City,3.5,100,548
2025-05-25,SKU_101_LC,0,2,Bağlantı_Elemanı,Lion's City,3.5,100,548
2025-06-01,SKU_101_LC,0,2,Bağlantı_Elemanı,Lion's City,3.5,100,548
2025-06-08,SKU_101_LC,257,2,Bağlantı_Elemanı,Lion's City,3.5,100,548
2025-06-15,SKU_101_LC,0,2,Bağlantı_Elemanı,Lion's City,3.5,100,548
2025-06-22,SKU_101_LC,224,2,Bağlantı_Elemanı,Lion's City,3.5,100,548
2025-06-29,SKU_101_LC,241,2,Bağlantı_Elemanı,Lion's City,3.5,100,548
2025-07-06,SKU_101_LC,278,2,Bağlantı_Elemanı,Lion's City,3.5,100,548
2025-07-13,SKU_101_LC,0,2,Bağlantı_Elemanı,Lion's City,3.5,100,548
2025-07-20,SKU_101_LC,265,2,Bağlantı_Elemanı,Lion's City,3.5,100,548
2025-07-27,SKU_101_LC,152,2,Bağlantı_Elemanı,Lion's City,3.5,100,548
2025-08-03,SKU_101_LC,0,2,Bağlantı_Elemanı,Lion's City,3.5,100,548
2025-08-10,SKU_101_LC,286,2,Bağlantı_Elemanı,Lion's City,3.5,100,548
2025-08-17,SKU_101_LC,200,2,Bağlantı_Elemanı,Lion's City,3.5,100,548
2025-08-24,SKU_101_LC,0,2,Bağlantı_Elemanı,Lion's City,3.5,100,548
2025-08-31,SKU_101_LC,0,2,Bağlantı_Elemanı,Lion's City,3.5,100,548
2025-09-07,SKU_101_LC,0,2,Bağlantı_Elemanı,Lion's City,3.5,100,548
2025-09-14,SKU_101_LC,0,2,Bağlantı_Elemanı,Lion's City,3.5,100,548
2025-09-21,SKU_101_LC,262,2,Bağlantı_Elemanı,Lion's City,3.5,100,548
2025-09-28,SKU_101_LC,0,2,Bağlantı_Elemanı,Lion's City,3.5,100,548
2025-10-05,SKU_101_LC,0,2,Bağlantı_Elemanı,Lion's City,3.5,100,548
2025-10-12,SKU_101_LC,0,2,Bağlantı_Elemanı,Lion's City,3.5,100,548
2025-10-19,SKU_101_LC,280,2,Bağlantı_Elemanı,Lion's City,3.5,100,548
2025-10-26,SKU_101_LC,262,2,Bağlantı_Elemanı,Lion's City,3.5,100,548
2025-11-02,SKU_101_LC,262,2,Bağlantı_Elemanı,Lion's City,3.5,100,548
2025-11-09,SKU_101_LC,203,2,Bağlantı_Elemanı,Lion's City,3.5,100,548
2025-11-16,SKU_101_LC,0,2,Bağlantı_Elemanı,Lion's City,3.5,100,548
2025-11-23,SKU_101_LC,278,2,Bağlantı_Elemanı,Lion's City,3.5,100,548
2025-11-30,SKU_101_LC,0,2,Bağlantı_Elemanı,Lion's City,3.5,100,548
2025-12-07,SKU_101_LC,0,2,Bağlantı_Elemanı,Lion's City,3.5,100,548
2025-12-14,SKU_101_LC,217,2,Bağlantı_Elemanı,Lion's City,3.5,100,548
2025-12-21,SKU_101_LC,0,2,Bağlantı_Elemanı,Lion's City,3.5,100,548
2025-12-28,SKU_101_LC,294,2,Bağlantı_Elemanı,Lion's City,3.5,100,548
2024-01-07,SKU_102_LC,0,4,Kabin_Plastiği,Lion's City,18.5,20,215
2024-01-14,SKU_102_LC,45,4,Kabin_Plastiği,Lion's City,18.5,20,215
2024-01-21,SKU_102_LC,0,4,Kabin_Plastiği,Lion's City,18.5,20,215
2024-01-28,SKU_102_LC,55,4,Kabin_Plastiği,Lion's City,18.5,20,215
2024-02-04,SKU_102_LC,45,4,Kabin_Plastiği,Lion's City,18.5,20,215
2024-02-11,SKU_102_LC,42,4,Kabin_Plastiği,Lion's City,18.5,20,215
2024-02-18,SKU_102_LC,75,4,Kabin_Plastiği,Lion's City,18.5,20,215
2024-02-25,SKU_102_LC,0,4,Kabin_Plastiği,Lion's City,18.5,20,215
2024-03-03,SKU_102_LC,58,4,Kabin_Plastiği,Lion's City,18.5,20,215
2024-03-10,SKU_102_LC,0,4,Kabin_Plastiği,Lion's City,18.5,20,215
2024-03-17,SKU_102_LC,0,4,Kabin_Plastiği,Lion's City,18.5,20,215
2024-03-24,SKU_102_LC,79,4,Kabin_Plastiği,Lion's City,18.5,20,215
2024-03-31,SKU_102_LC,0,4,Kabin_Plastiği,Lion's City,18.5,20,215
2024-04-07,SKU_102_LC,40,4,Kabin_Plastiği,Lion's City,18.5,20,215
2024-04-14,SKU_102_LC,64,4,Kabin_Plastiği,Lion's City,18.5,20,215
2024-04-21,SKU_102_LC,0,4,Kabin_Plastiği,Lion's City,18.5,20,215
2024-04-28,SKU_102_LC,81,4,Kabin_Plastiği,Lion's City,18.5,20,215
2024-05-05,SKU_102_LC,0,4,Kabin_Plastiği,Lion's City,18.5,20,215
2024-05-12,SKU_102_LC,65,4,Kabin_Plastiği,Lion's City,18.5,20,215
2024-05-19,SKU_102_LC,88,4,Kabin_Plastiği,Lion's City,18.5,20,215
2024-05-26,SKU_102_LC,0,4,Kabin_Plastiği,Lion's City,18.5,20,215
2024-06-02,SKU_102_LC,0,4,Kabin_Plastiği,Lion's City,18.5,20,215
2024-06-09,SKU_102_LC,76,4,Kabin_Plastiği,Lion's City,18.5,20,215
2024-06-16,SKU_102_LC,48,4,Kabin_Plastiği,Lion's City,18.5,20,215
2024-06-23,SKU_102_LC,0,4,Kabin_Plastiği,Lion's City,18.5,20,215
2024-06-30,SKU_102_LC,55,4,Kabin_Plastiği,Lion's City,18.5,20,215
2024-07-07,SKU_102_LC,63,4,Kabin_Plastiği,Lion's City,18.5,20,215
2024-07-14,SKU_102_LC,0,4,Kabin_Plastiği,Lion's City,18.5,20,215
2024-07-21,SKU_102_LC,50,4,Kabin_Plastiği,Lion's City,18.5,20,215
2024-07-28,SKU_102_LC,75,4,Kabin_Plastiği,Lion's City,18.5,20,215
2024-08-04,SKU_102_LC,59,4,Kabin_Plastiği,Lion's City,18.5,20,215
2024-08-11,SKU_102_LC,87,4,Kabin_Plastiği,Lion's City,18.5,20,215
2024-08-18,SKU_102_LC,0,4,Kabin_Plastiği,Lion's City,18.5,20,215
2024-08-25,SKU_102_LC,68,4,Kabin_Plastiği,Lion's City,18.5,20,215
2024-09-01,SKU_102_LC,0,4,Kabin_Plastiği,Lion's City,18.5,20,215
2024-09-08,SKU_102_LC,0,4,Kabin_Plastiği,Lion's City,18.5,20,215
2024-09-15,SKU_102_LC,0,4,Kabin_Plastiği,Lion's City,18.5,20,215
2024-09-22,SKU_102_LC,0,4,Kabin_Plastiği,Lion's City,18.5,20,215
2024-09-29,SKU_102_LC,75,4,Kabin_Plastiği,Lion's City,18.5,20,215
2024-10-06,SKU_102_LC,72,4,Kabin_Plastiği,Lion's City,18.5,20,215
2024-10-13,SKU_102_LC,0,4,Kabin_Plastiği,Lion's City,18.5,20,215
2024-10-20,SKU_102_LC,0,4,Kabin_Plastiği,Lion's City,18.5,20,215
2024-10-27,SKU_102_LC,0,4,Kabin_Plastiği,Lion's City,18.5,20,215
2024-11-03,SKU_102_LC,42,4,Kabin_Plastiği,Lion's City,18.5,20,215
2024-11-10,SKU_102_LC,72,4,Kabin_Plastiği,Lion's City,18.5,20,215
2024-11-17,SKU_102_LC,61,4,Kabin_Plastiği,Lion's City,18.5,20,215
2024-11-24,SKU_102_LC,0,4,Kabin_Plastiği,Lion's City,18.5,20,215
2024-12-01,SKU_102_LC,0,4,Kabin_Plastiği,Lion's City,18.5,20,215
2024-12-08,SKU_102_LC,84,4,Kabin_Plastiği,Lion's City,18.5,20,215
2024-12-15,SKU_102_LC,0,4,Kabin_Plastiği,Lion's City,18.5,20,215
2024-12-22,SKU_102_LC,66,4,Kabin_Plastiği,Lion's City,18.5,20,215
2024-12-29,SKU_102_LC,69,4,Kabin_Plastiği,Lion's City,18.5,20,215
2025-01-05,SKU_102_LC,86,4,Kabin_Plastiği,Lion's City,18.5,20,215
2025-01-12,SKU_102_LC,0,4,Kabin_Plastiği,Lion's City,18.5,20,215
2025-01-19,SKU_102_LC,0,4,Kabin_Plastiği,Lion's City,18.5,20,215
2025-01-26,SKU_102_LC,58,4,Kabin_Plastiği,Lion's City,18.5,20,215
2025-02-02,SKU_102_LC,88,4,Kabin_Plastiği,Lion's City,18.5,20,215
2025-02-09,SKU_102_LC,0,4,Kabin_Plastiği,Lion's City,18.5,20,215
2025-02-16,SKU_102_LC,69,4,Kabin_Plastiği,Lion's City,18.5,20,215
2025-02-23,SKU_102_LC,45,4,Kabin_Plastiği,Lion's City,18.5,20,215
2025-03-02,SKU_102_LC,0,4,Kabin_Plastiği,Lion's City,18.5,20,215
2025-03-09,SKU_102_LC,0,4,Kabin_Plastiği,Lion's City,18.5,20,215
2025-03-16,SKU_102_LC,88,4,Kabin_Plastiği,Lion's City,18.5,20,215
2025-03-23,SKU_102_LC,70,4,Kabin_Plastiği,Lion's City,18.5,20,215
2025-03-30,SKU_102_LC,72,4,Kabin_Plastiği,Lion's City,18.5,20,215
2025-04-06,SKU_102_LC,0,4,Kabin_Plastiği,Lion's City,18.5,20,215
2025-04-13,SKU_102_LC,0,4,Kabin_Plastiği,Lion's City,18.5,20,215
2025-04-20,SKU_102_LC,0,4,Kabin_Plastiği,Lion's City,18.5,20,215
2025-04-27,SKU_102_LC,0,4,Kabin_Plastiği,Lion's City,18.5,20,215
2025-05-04,SKU_102_LC,0,4,Kabin_Plastiği,Lion's City,18.5,20,215
2025-05-11,SKU_102_LC,0,4,Kabin_Plastiği,Lion's City,18.5,20,215
2025-05-18,SKU_102_LC,0,4,Kabin_Plastiği,Lion's City,18.5,20,215
2025-05-25,SKU_102_LC,42,4,Kabin_Plastiği,Lion's City,18.5,20,215
2025-06-01,SKU_102_LC,63,4,Kabin_Plastiği,Lion's City,18.5,20,215
2025-06-08,SKU_102_LC,0,4,Kabin_Plastiği,Lion's City,18.5,20,215
2025-06-15,SKU_102_LC,62,4,Kabin_Plastiği,Lion's City,18.5,20,215
2025-06-22,SKU_102_LC,0,4,Kabin_Plastiği,Lion's City,18.5,20,215
2025-06-29,SKU_102_LC,41,4,Kabin_Plastiği,Lion's City,18.5,20,215
2025-07-06,SKU_102_LC,0,4,Kabin_Plastiği,Lion's City,18.5,20,215
2025-07-13,SKU_102_LC,48,4,Kabin_Plastiği,Lion's City,18.5,20,215
2025-07-20,SKU_102_LC,87,4,Kabin_Plastiği,Lion's City,18.5,20,215
2025-07-27,SKU_102_LC,81,4,Kabin_Plastiği,Lion's City,18.5,20,215
2025-08-03,SKU_102_LC,74,4,Kabin_Plastiği,Lion's City,18.5,20,215
2025-08-10,SKU_102_LC,0,4,Kabin_Plastiği,Lion's City,18.5,20,215
2025-08-17,SKU_102_LC,46,4,Kabin_Plastiği,Lion's City,18.5,20,215
2025-08-24,SKU_102_LC,84,4,Kabin_Plastiği,Lion's City,18.5,20,215
2025-08-31,SKU_102_LC,0,4,Kabin_Plastiği,Lion's City,18.5,20,215
2025-09-07,SKU_102_LC,0,4,Kabin_Plastiği,Lion's City,18.5,20,215
2025-09-14,SKU_102_LC,0,4,Kabin_Plastiği,Lion's City,18.5,20,215
2025-09-21,SKU_102_LC,0,4,Kabin_Plastiği,Lion's City,18.5,20,215
2025-09-28,SKU_102_LC,54,4,Kabin_Plastiği,Lion's City,18.5,20,215
2025-10-05,SKU_102_LC,0,4,Kabin_Plastiği,Lion's City,18.5,20,215
2025-10-12,SKU_102_LC,0,4,Kabin_Plastiği,Lion's City,18.5,20,215
2025-10-19,SKU_102_LC,61,4,Kabin_Plastiği,Lion's City,18.5,20,215
2025-10-26,SKU_102_LC,0,4,Kabin_Plastiği,Lion's City,18.5,20,215
2025-11-02,SKU_102_LC,0,4,Kabin_Plastiği,Lion's City,18.5,20,215
2025-11-09,SKU_102_LC,61,4,Kabin_Plastiği,Lion's City,18.5,20,215
2025-11-16,SKU_102_LC,61,4,Kabin_Plastiği,Lion's City,18.5,20,215
2025-11-23,SKU_102_LC,0,4,Kabin_Plastiği,Lion's City,18.5,20,215
2025-11-30,SKU_102_LC,0,4,Kabin_Plastiği,Lion's City,18.5,20,215
2025-12-07,SKU_102_LC,0,4,Kabin_Plastiği,Lion's City,18.5,20,215
2025-12-14,SKU_102_LC,76,4,Kabin_Plastiği,Lion's City,18.5,20,215
2025-12-21,SKU_102_LC,83,4,Kabin_Plastiği,Lion's City,18.5,20,215
2025-12-28,SKU_102_LC,78,4,Kabin_Plastiği,Lion's City,18.5,20,215
2024-01-07,SKU_103_LC,0,5,Elektronik_Sensör,Lion's City,45.0,10,47
2024-01-14,SKU_103_LC,0,5,Elektronik_Sensör,Lion's City,45.0,10,47
2024-01-21,SKU_103_LC,0,5,Elektronik_Sensör,Lion's City,45.0,10,47
2024-01-28,SKU_103_LC,0,5,Elektronik_Sensör,Lion's City,45.0,10,47
2024-02-04,SKU_103_LC,27,5,Elektronik_Sensör,Lion's City,45.0,10,47
2024-02-11,SKU_103_LC,24,5,Elektronik_Sensör,Lion's City,45.0,10,47
2024-02-18,SKU_103_LC,0,5,Elektronik_Sensör,Lion's City,45.0,10,47
2024-02-25,SKU_103_LC,33,5,Elektronik_Sensör,Lion's City,45.0,10,47
2024-03-03,SKU_103_LC,0,5,Elektronik_Sensör,Lion's City,45.0,10,47
2024-03-10,SKU_103_LC,0,5,Elektronik_Sensör,Lion's City,45.0,10,47
2024-03-17,SKU_103_LC,0,5,Elektronik_Sensör,Lion's City,45.0,10,47
2024-03-24,SKU_103_LC,37,5,Elektronik_Sensör,Lion's City,45.0,10,47
2024-03-31,SKU_103_LC,0,5,Elektronik_Sensör,Lion's City,45.0,10,47
2024-04-07,SKU_103_LC,0,5,Elektronik_Sensör,Lion's City,45.0,10,47
2024-04-14,SKU_103_LC,0,5,Elektronik_Sensör,Lion's City,45.0,10,47
2024-04-21,SKU_103_LC,29,5,Elektronik_Sensör,Lion's City,45.0,10,47
2024-04-28,SKU_103_LC,0,5,Elektronik_Sensör,Lion's City,45.0,10,47
2024-05-05,SKU_103_LC,0,5,Elektronik_Sensör,Lion's City,45.0,10,47
2024-05-12,SKU_103_LC,22,5,Elektronik_Sensör,Lion's City,45.0,10,47
2024-05-19,SKU_103_LC,15,5,Elektronik_Sensör,Lion's City,45.0,10,47
2024-05-26,SKU_103_LC,21,5,Elektronik_Sensör,Lion's City,45.0,10,47
2024-06-02,SKU_103_LC,0,5,Elektronik_Sensör,Lion's City,45.0,10,47
2024-06-09,SKU_103_LC,0,5,Elektronik_Sensör,Lion's City,45.0,10,47
2024-06-16,SKU_103_LC,17,5,Elektronik_Sensör,Lion's City,45.0,10,47
2024-06-23,SKU_103_LC,0,5,Elektronik_Sensör,Lion's City,45.0,10,47
2024-06-30,SKU_103_LC,0,5,Elektronik_Sensör,Lion's City,45.0,10,47
2024-07-07,SKU_103_LC,39,5,Elektronik_Sensör,Lion's City,45.0,10,47
2024-07-14,SKU_103_LC,0,5,Elektronik_Sensör,Lion's City,45.0,10,47
2024-07-21,SKU_103_LC,0,5,Elektronik_Sensör,Lion's City,45.0,10,47
2024-07-28,SKU_103_LC,0,5,Elektronik_Sensör,Lion's City,45.0,10,47
2024-08-04,SKU_103_LC,0,5,Elektronik_Sensör,Lion's City,45.0,10,47
2024-08-11,SKU_103_LC,19,5,Elektronik_Sensör,Lion's City,45.0,10,47
2024-08-18,SKU_103_LC,0,5,Elektronik_Sensör,Lion's City,45.0,10,47
2024-08-25,SKU_103_LC,0,5,Elektronik_Sensör,Lion's City,45.0,10,47
2024-09-01,SKU_103_LC,0,5,Elektronik_Sensör,Lion's City,45.0,10,47
2024-09-08,SKU_103_LC,0,5,Elektronik_Sensör,Lion's City,45.0,10,47
2024-09-15,SKU_103_LC,0,5,Elektronik_Sensör,Lion's City,45.0,10,47
2024-09-22,SKU_103_LC,0,5,Elektronik_Sensör,Lion's City,45.0,10,47
2024-09-29,SKU_103_LC,0,5,Elektronik_Sensör,Lion's City,45.0,10,47
2024-10-06,SKU_103_LC,0,5,Elektronik_Sensör,Lion's City,45.0,10,47
2024-10-13,SKU_103_LC,0,5,Elektronik_Sensör,Lion's City,45.0,10,47
2024-10-20,SKU_103_LC,0,5,Elektronik_Sensör,Lion's City,45.0,10,47
2024-10-27,SKU_103_LC,0,5,Elektronik_Sensör,Lion's City,45.0,10,47
2024-11-03,SKU_103_LC,0,5,Elektronik_Sensör,Lion's City,45.0,10,47
2024-11-10,SKU_103_LC,0,5,Elektronik_Sensör,Lion's City,45.0,10,47
2024-11-17,SKU_103_LC,19,5,Elektronik_Sensör,Lion's City,45.0,10,47
2024-11-24,SKU_103_LC,0,5,Elektronik_Sensör,Lion's City,45.0,10,47
2024-12-01,SKU_103_LC,0,5,Elektronik_Sensör,Lion's City,45.0,10,47
2024-12-08,SKU_103_LC,16,5,Elektronik_Sensör,Lion's City,45.0,10,47
2024-12-15,SKU_103_LC,0,5,Elektronik_Sensör,Lion's City,45.0,10,47
2024-12-22,SKU_103_LC,0,5,Elektronik_Sensör,Lion's City,45.0,10,47
2024-12-29,SKU_103_LC,38,5,Elektronik_Sensör,Lion's City,45.0,10,47
2025-01-05,SKU_103_LC,0,5,Elektronik_Sensör,Lion's City,45.0,10,47
2025-01-12,SKU_103_LC,0,5,Elektronik_Sensör,Lion's City,45.0,10,47
2025-01-19,SKU_103_LC,0,5,Elektronik_Sensör,Lion's City,45.0,10,47
2025-01-26,SKU_103_LC,25,5,Elektronik_Sensör,Lion's City,45.0,10,47
2025-02-02,SKU_103_LC,17,5,Elektronik_Sensör,Lion's City,45.0,10,47
2025-02-09,SKU_103_LC,22,5,Elektronik_Sensör,Lion's City,45.0,10,47
2025-02-16,SKU_103_LC,26,5,Elektronik_Sensör,Lion's City,45.0,10,47
2025-02-23,SKU_103_LC,0,5,Elektronik_Sensör,Lion's City,45.0,10,47
2025-03-02,SKU_103_LC,0,5,Elektronik_Sensör,Lion's City,45.0,10,47
2025-03-09,SKU_103_LC,0,5,Elektronik_Sensör,Lion's City,45.0,10,47
2025-03-16,SKU_103_LC,0,5,Elektronik_Sensör,Lion's City,45.0,10,47
2025-03-23,SKU_103_LC,0,5,Elektronik_Sensör,Lion's City,45.0,10,47
2025-03-30,SKU_103_LC,0,5,Elektronik_Sensör,Lion's City,45.0,10,47
2025-04-06,SKU_103_LC,0,5,Elektronik_Sensör,Lion's City,45.0,10,47
2025-04-13,SKU_103_LC,0,5,Elektronik_Sensör,Lion's City,45.0,10,47
2025-04-20,SKU_103_LC,0,5,Elektronik_Sensör,Lion's City,45.0,10,47
2025-04-27,SKU_103_LC,0,5,Elektronik_Sensör,Lion's City,45.0,10,47
2025-05-04,SKU_103_LC,0,5,Elektronik_Sensör,Lion's City,45.0,10,47
2025-05-11,SKU_103_LC,0,5,Elektronik_Sensör,Lion's City,45.0,10,47
2025-05-18,SKU_103_LC,0,5,Elektronik_Sensör,Lion's City,45.0,10,47
2025-05-25,SKU_103_LC,0,5,Elektronik_Sensör,Lion's City,45.0,10,47
2025-06-01,SKU_103_LC,38,5,Elektronik_Sensör,Lion's City,45.0,10,47
2025-06-08,SKU_103_LC,35,5,Elektronik_Sensör,Lion's City,45.0,10,47
2025-06-15,SKU_103_LC,18,5,Elektronik_Sensör,Lion's City,45.0,10,47
2025-06-22,SKU_103_LC,0,5,Elektronik_Sensör,Lion's City,45.0,10,47
2025-06-29,SKU_103_LC,17,5,Elektronik_Sensör,Lion's City,45.0,10,47
2025-07-06,SKU_103_LC,30,5,Elektronik_Sensör,Lion's City,45.0,10,47
2025-07-13,SKU_103_LC,0,5,Elektronik_Sensör,Lion's City,45.0,10,47
2025-07-20,SKU_103_LC,0,5,Elektronik_Sensör,Lion's City,45.0,10,47
2025-07-27,SKU_103_LC,0,5,Elektronik_Sensör,Lion's City,45.0,10,47
2025-08-03,SKU_103_LC,19,5,Elektronik_Sensör,Lion's City,45.0,10,47
2025-08-10,SKU_103_LC,0,5,Elektronik_Sensör,Lion's City,45.0,10,47
2025-08-17,SKU_103_LC,0,5,Elektronik_Sensör,Lion's City,45.0,10,47
2025-08-24,SKU_103_LC,17,5,Elektronik_Sensör,Lion's City,45.0,10,47
2025-08-31,SKU_103_LC,0,5,Elektronik_Sensör,Lion's City,45.0,10,47
2025-09-07,SKU_103_LC,34,5,Elektronik_Sensör,Lion's City,45.0,10,47
2025-09-14,SKU_103_LC,36,5,Elektronik_Sensör,Lion's City,45.0,10,47
2025-09-21,SKU_103_LC,0,5,Elektronik_Sensör,Lion's City,45.0,10,47
2025-09-28,SKU_103_LC,0,5,Elektronik_Sensör,Lion's City,45.0,10,47
2025-10-05,SKU_103_LC,0,5,Elektronik_Sensör,Lion's City,45.0,10,47
2025-10-12,SKU_103_LC,33,5,Elektronik_Sensör,Lion's City,45.0,10,47
2025-10-19,SKU_103_LC,0,5,Elektronik_Sensör,Lion's City,45.0,10,47
2025-10-26,SKU_103_LC,0,5,Elektronik_Sensör,Lion's City,45.0,10,47
2025-11-02,SKU_103_LC,34,5,Elektronik_Sensör,Lion's City,45.0,10,47
2025-11-09,SKU_103_LC,0,5,Elektronik_Sensör,Lion's City,45.0,10,47
2025-11-16,SKU_103_LC,0,5,Elektronik_Sensör,Lion's City,45.0,10,47
2025-11-23,SKU_103_LC,0,5,Elektronik_Sensör,Lion's City,45.0,10,47
2025-11-30,SKU_103_LC,0,5,Elektronik_Sensör,Lion's City,45.0,10,47
2025-12-07,SKU_103_LC,0,5,Elektronik_Sensör,Lion's City,45.0,10,47
2025-12-14,SKU_103_LC,0,5,Elektronik_Sensör,Lion's City,45.0,10,47
2025-12-21,SKU_103_LC,37,5,Elektronik_Sensör,Lion's City,45.0,10,47
2025-12-28,SKU_103_LC,21,5,Elektronik_Sensör,Lion's City,45.0,10,47
2024-01-07,SKU_201_NT,241,1,Bağlantı_Elemanı,NEOPLAN Tourliner,4.0,100,319
2024-01-14,SKU_201_NT,194,1,Bağlantı_Elemanı,NEOPLAN Tourliner,4.0,100,319
2024-01-21,SKU_201_NT,0,1,Bağlantı_Elemanı,NEOPLAN Tourliner,4.0,100,319
2024-01-28,SKU_201_NT,0,1,Bağlantı_Elemanı,NEOPLAN Tourliner,4.0,100,319
2024-02-04,SKU_201_NT,126,1,Bağlantı_Elemanı,NEOPLAN Tourliner,4.0,100,319
2024-02-11,SKU_201_NT,146,1,Bağlantı_Elemanı,NEOPLAN Tourliner,4.0,100,319
2024-02-18,SKU_201_NT,124,1,Bağlantı_Elemanı,NEOPLAN Tourliner,4.0,100,319
2024-02-25,SKU_201_NT,202,1,Bağlantı_Elemanı,NEOPLAN Tourliner,4.0,100,319
2024-03-03,SKU_201_NT,228,1,Bağlantı_Elemanı,NEOPLAN Tourliner,4.0,100,319
2024-03-10,SKU_201_NT,0,1,Bağlantı_Elemanı,NEOPLAN Tourliner,4.0,100,319
2024-03-17,SKU_201_NT,190,1,Bağlantı_Elemanı,NEOPLAN Tourliner,4.0,100,319
2024-03-24,SKU_201_NT,155,1,Bağlantı_Elemanı,NEOPLAN Tourliner,4.0,100,319
2024-03-31,SKU_201_NT,0,1,Bağlantı_Elemanı,NEOPLAN Tourliner,4.0,100,319
2024-04-07,SKU_201_NT,0,1,Bağlantı_Elemanı,NEOPLAN Tourliner,4.0,100,319
2024-04-14,SKU_201_NT,210,1,Bağlantı_Elemanı,NEOPLAN Tourliner,4.0,100,319
2024-04-21,SKU_201_NT,0,1,Bağlantı_Elemanı,NEOPLAN Tourliner,4.0,100,319
2024-04-28,SKU_201_NT,0,1,Bağlantı_Elemanı,NEOPLAN Tourliner,4.0,100,319
2024-05-05,SKU_201_NT,245,1,Bağlantı_Elemanı,NEOPLAN Tourliner,4.0,100,319
2024-05-12,SKU_201_NT,0,1,Bağlantı_Elemanı,NEOPLAN Tourliner,4.0,100,319
2024-05-19,SKU_201_NT,0,1,Bağlantı_Elemanı,NEOPLAN Tourliner,4.0,100,319
2024-05-26,SKU_201_NT,0,1,Bağlantı_Elemanı,NEOPLAN Tourliner,4.0,100,319
2024-06-02,SKU_201_NT,120,1,Bağlantı_Elemanı,NEOPLAN Tourliner,4.0,100,319
2024-06-09,SKU_201_NT,211,1,Bağlantı_Elemanı,NEOPLAN Tourliner,4.0,100,319
2024-06-16,SKU_201_NT,232,1,Bağlantı_Elemanı,NEOPLAN Tourliner,4.0,100,319
2024-06-23,SKU_201_NT,0,1,Bağlantı_Elemanı,NEOPLAN Tourliner,4.0,100,319
2024-06-30,SKU_201_NT,236,1,Bağlantı_Elemanı,NEOPLAN Tourliner,4.0,100,319
2024-07-07,SKU_201_NT,163,1,Bağlantı_Elemanı,NEOPLAN Tourliner,4.0,100,319
2024-07-14,SKU_201_NT,180,1,Bağlantı_Elemanı,NEOPLAN Tourliner,4.0,100,319
2024-07-21,SKU_201_NT,0,1,Bağlantı_Elemanı,NEOPLAN Tourliner,4.0,100,319
2024-07-28,SKU_201_NT,0,1,Bağlantı_Elemanı,NEOPLAN Tourliner,4.0,100,319
2024-08-04,SKU_201_NT,139,1,Bağlantı_Elemanı,NEOPLAN Tourliner,4.0,100,319
2024-08-11,SKU_201_NT,0,1,Bağlantı_Elemanı,NEOPLAN Tourliner,4.0,100,319
2024-08-18,SKU_201_NT,0,1,Bağlantı_Elemanı,NEOPLAN Tourliner,4.0,100,319
2024-08-25,SKU_201_NT,0,1,Bağlantı_Elemanı,NEOPLAN Tourliner,4.0,100,319
2024-09-01,SKU_201_NT,0,1,Bağlantı_Elemanı,NEOPLAN Tourliner,4.0,100,319
2024-09-08,SKU_201_NT,173,1,Bağlantı_Elemanı,NEOPLAN Tourliner,4.0,100,319
2024-09-15,SKU_201_NT,131,1,Bağlantı_Elemanı,NEOPLAN Tourliner,4.0,100,319
2024-09-22,SKU_201_NT,135,1,Bağlantı_Elemanı,NEOPLAN Tourliner,4.0,100,319
2024-09-29,SKU_201_NT,236,1,Bağlantı_Elemanı,NEOPLAN Tourliner,4.0,100,319
2024-10-06,SKU_201_NT,0,1,Bağlantı_Elemanı,NEOPLAN Tourliner,4.0,100,319
2024-10-13,SKU_201_NT,0,1,Bağlantı_Elemanı,NEOPLAN Tourliner,4.0,100,319
2024-10-20,SKU_201_NT,179,1,Bağlantı_Elemanı,NEOPLAN Tourliner,4.0,100,319
2024-10-27,SKU_201_NT,220,1,Bağlantı_Elemanı,NEOPLAN Tourliner,4.0,100,319
2024-11-03,SKU_201_NT,165,1,Bağlantı_Elemanı,NEOPLAN Tourliner,4.0,100,319
2024-11-10,SKU_201_NT,0,1,Bağlantı_Elemanı,NEOPLAN Tourliner,4.0,100,319
2024-11-17,SKU_201_NT,234,1,Bağlantı_Elemanı,NEOPLAN Tourliner,4.0,100,319
2024-11-24,SKU_201_NT,166,1,Bağlantı_Elemanı,NEOPLAN Tourliner,4.0,100,319
2024-12-01,SKU_201_NT,129,1,Bağlantı_Elemanı,NEOPLAN Tourliner,4.0,100,319
2024-12-08,SKU_201_NT,228,1,Bağlantı_Elemanı,NEOPLAN Tourliner,4.0,100,319
2024-12-15,SKU_201_NT,0,1,Bağlantı_Elemanı,NEOPLAN Tourliner,4.0,100,319
2024-12-22,SKU_201_NT,237,1,Bağlantı_Elemanı,NEOPLAN Tourliner,4.0,100,319
2024-12-29,SKU_201_NT,130,1,Bağlantı_Elemanı,NEOPLAN Tourliner,4.0,100,319
2025-01-05,SKU_201_NT,182,1,Bağlantı_Elemanı,NEOPLAN Tourliner,4.0,100,319
2025-01-12,SKU_201_NT,0,1,Bağlantı_Elemanı,NEOPLAN Tourliner,4.0,100,319
2025-01-19,SKU_201_NT,217,1,Bağlantı_Elemanı,NEOPLAN Tourliner,4.0,100,319
2025-01-26,SKU_201_NT,0,1,Bağlantı_Elemanı,NEOPLAN Tourliner,4.0,100,319
2025-02-02,SKU_201_NT,0,1,Bağlantı_Elemanı,NEOPLAN Tourliner,4.0,100,319
2025-02-09,SKU_201_NT,0,1,Bağlantı_Elemanı,NEOPLAN Tourliner,4.0,100,319
2025-02-16,SKU_201_NT,0,1,Bağlantı_Elemanı,NEOPLAN Tourliner,4.0,100,319
2025-02-23,SKU_201_NT,214,1,Bağlantı_Elemanı,NEOPLAN Tourliner,4.0,100,319
2025-03-02,SKU_201_NT,122,1,Bağlantı_Elemanı,NEOPLAN Tourliner,4.0,100,319
2025-03-09,SKU_201_NT,172,1,Bağlantı_Elemanı,NEOPLAN Tourliner,4.0,100,319
2025-03-16,SKU_201_NT,202,1,Bağlantı_Elemanı,NEOPLAN Tourliner,4.0,100,319
2025-03-23,SKU_201_NT,0,1,Bağlantı_Elemanı,NEOPLAN Tourliner,4.0,100,319
2025-03-30,SKU_201_NT,229,1,Bağlantı_Elemanı,NEOPLAN Tourliner,4.0,100,319
2025-04-06,SKU_201_NT,0,1,Bağlantı_Elemanı,NEOPLAN Tourliner,4.0,100,319
2025-04-13,SKU_201_NT,0,1,Bağlantı_Elemanı,NEOPLAN Tourliner,4.0,100,319
2025-04-20,SKU_201_NT,0,1,Bağlantı_Elemanı,NEOPLAN Tourliner,4.0,100,319
2025-04-27,SKU_201_NT,151,1,Bağlantı_Elemanı,NEOPLAN Tourliner,4.0,100,319
2025-05-04,SKU_201_NT,0,1,Bağlantı_Elemanı,NEOPLAN Tourliner,4.0,100,319
2025-05-11,SKU_201_NT,0,1,Bağlantı_Elemanı,NEOPLAN Tourliner,4.0,100,319
2025-05-18,SKU_201_NT,0,1,Bağlantı_Elemanı,NEOPLAN Tourliner,4.0,100,319
2025-05-25,SKU_201_NT,237,1,Bağlantı_Elemanı,NEOPLAN Tourliner,4.0,100,319
2025-06-01,SKU_201_NT,169,1,Bağlantı_Elemanı,NEOPLAN Tourliner,4.0,100,319
2025-06-08,SKU_201_NT,173,1,Bağlantı_Elemanı,NEOPLAN Tourliner,4.0,100,319
2025-06-15,SKU_201_NT,176,1,Bağlantı_Elemanı,NEOPLAN Tourliner,4.0,100,319
2025-06-22,SKU_201_NT,166,1,Bağlantı_Elemanı,NEOPLAN Tourliner,4.0,100,319
2025-06-29,SKU_201_NT,204,1,Bağlantı_Elemanı,NEOPLAN Tourliner,4.0,100,319
2025-07-06,SKU_201_NT,194,1,Bağlantı_Elemanı,NEOPLAN Tourliner,4.0,100,319
2025-07-13,SKU_201_NT,0,1,Bağlantı_Elemanı,NEOPLAN Tourliner,4.0,100,319
2025-07-20,SKU_201_NT,0,1,Bağlantı_Elemanı,NEOPLAN Tourliner,4.0,100,319
2025-07-27,SKU_201_NT,0,1,Bağlantı_Elemanı,NEOPLAN Tourliner,4.0,100,319
2025-08-03,SKU_201_NT,0,1,Bağlantı_Elemanı,NEOPLAN Tourliner,4.0,100,319
2025-08-10,SKU_201_NT,149,1,Bağlantı_Elemanı,NEOPLAN Tourliner,4.0,100,319
2025-08-17,SKU_201_NT,171,1,Bağlantı_Elemanı,NEOPLAN Tourliner,4.0,100,319
2025-08-24,SKU_201_NT,198,1,Bağlantı_Elemanı,NEOPLAN Tourliner,4.0,100,319
2025-08-31,SKU_201_NT,0,1,Bağlantı_Elemanı,NEOPLAN Tourliner,4.0,100,319
2025-09-07,SKU_201_NT,170,1,Bağlantı_Elemanı,NEOPLAN Tourliner,4.0,100,319
2025-09-14,SKU_201_NT,148,1,Bağlantı_Elemanı,NEOPLAN Tourliner,4.0,100,319
2025-09-21,SKU_201_NT,0,1,Bağlantı_Elemanı,NEOPLAN Tourliner,4.0,100,319
2025-09-28,SKU_201_NT,193,1,Bağlantı_Elemanı,NEOPLAN Tourliner,4.0,100,319
2025-10-05,SKU_201_NT,203,1,Bağlantı_Elemanı,NEOPLAN Tourliner,4.0,100,319
2025-10-12,SKU_201_NT,153,1,Bağlantı_Elemanı,NEOPLAN Tourliner,4.0,100,319
2025-10-19,SKU_201_NT,245,1,Bağlantı_Elemanı,NEOPLAN Tourliner,4.0,100,319
2025-10-26,SKU_201_NT,234,1,Bağlantı_Elemanı,NEOPLAN Tourliner,4.0,100,319
2025-11-02,SKU_201_NT,199,1,Bağlantı_Elemanı,NEOPLAN Tourliner,4.0,100,319
2025-11-09,SKU_201_NT,0,1,Bağlantı_Elemanı,NEOPLAN Tourliner,4.0,100,319
2025-11-16,SKU_201_NT,0,1,Bağlantı_Elemanı,NEOPLAN Tourliner,4.0,100,319
2025-11-23,SKU_201_NT,223,1,Bağlantı_Elemanı,NEOPLAN Tourliner,4.0,100,319
2025-11-30,SKU_201_NT,144,1,Bağlantı_Elemanı,NEOPLAN Tourliner,4.0,100,319
2025-12-07,SKU_201_NT,212,1,Bağlantı_Elemanı,NEOPLAN Tourliner,4.0,100,319
2025-12-14,SKU_201_NT,180,1,Bağlantı_Elemanı,NEOPLAN Tourliner,4.0,100,319
2025-12-21,SKU_201_NT,0,1,Bağlantı_Elemanı,NEOPLAN Tourliner,4.0,100,319
2025-12-28,SKU_201_NT,0,1,Bağlantı_Elemanı,NEOPLAN Tourliner,4.0,100,319
2024-01-07,SKU_202_NT,0,6,Aydınlatma_Grubu,NEOPLAN Tourliner,65.0,5,33
2024-01-14,SKU_202_NT,0,6,Aydınlatma_Grubu,NEOPLAN Tourliner,65.0,5,33
2024-01-21,SKU_202_NT,0,6,Aydınlatma_Grubu,NEOPLAN Tourliner,65.0,5,33
2024-01-28,SKU_202_NT,0,6,Aydınlatma_Grubu,NEOPLAN Tourliner,65.0,5,33
2024-02-04,SKU_202_NT,0,6,Aydınlatma_Grubu,NEOPLAN Tourliner,65.0,5,33
2024-02-11,SKU_202_NT,0,6,Aydınlatma_Grubu,NEOPLAN Tourliner,65.0,5,33
2024-02-18,SKU_202_NT,0,6,Aydınlatma_Grubu,NEOPLAN Tourliner,65.0,5,33
2024-02-25,SKU_202_NT,0,6,Aydınlatma_Grubu,NEOPLAN Tourliner,65.0,5,33
2024-03-03,SKU_202_NT,0,6,Aydınlatma_Grubu,NEOPLAN Tourliner,65.0,5,33
2024-03-10,SKU_202_NT,0,6,Aydınlatma_Grubu,NEOPLAN Tourliner,65.0,5,33
2024-03-17,SKU_202_NT,0,6,Aydınlatma_Grubu,NEOPLAN Tourliner,65.0,5,33
2024-03-24,SKU_202_NT,0,6,Aydınlatma_Grubu,NEOPLAN Tourliner,65.0,5,33
2024-03-31,SKU_202_NT,0,6,Aydınlatma_Grubu,NEOPLAN Tourliner,65.0,5,33
2024-04-07,SKU_202_NT,24,6,Aydınlatma_Grubu,NEOPLAN Tourliner,65.0,5,33
2024-04-14,SKU_202_NT,0,6,Aydınlatma_Grubu,NEOPLAN Tourliner,65.0,5,33
2024-04-21,SKU_202_NT,0,6,Aydınlatma_Grubu,NEOPLAN Tourliner,65.0,5,33
2024-04-28,SKU_202_NT,17,6,Aydınlatma_Grubu,NEOPLAN Tourliner,65.0,5,33
2024-05-05,SKU_202_NT,0,6,Aydınlatma_Grubu,NEOPLAN Tourliner,65.0,5,33
2024-05-12,SKU_202_NT,0,6,Aydınlatma_Grubu,NEOPLAN Tourliner,65.0,5,33
2024-05-19,SKU_202_NT,0,6,Aydınlatma_Grubu,NEOPLAN Tourliner,65.0,5,33
2024-05-26,SKU_202_NT,0,6,Aydınlatma_Grubu,NEOPLAN Tourliner,65.0,5,33
2024-06-02,SKU_202_NT,0,6,Aydınlatma_Grubu,NEOPLAN Tourliner,65.0,5,33
2024-06-09,SKU_202_NT,0,6,Aydınlatma_Grubu,NEOPLAN Tourliner,65.0,5,33
2024-06-16,SKU_202_NT,0,6,Aydınlatma_Grubu,NEOPLAN Tourliner,65.0,5,33
2024-06-23,SKU_202_NT,0,6,Aydınlatma_Grubu,NEOPLAN Tourliner,65.0,5,33
2024-06-30,SKU_202_NT,0,6,Aydınlatma_Grubu,NEOPLAN Tourliner,65.0,5,33
2024-07-07,SKU_202_NT,0,6,Aydınlatma_Grubu,NEOPLAN Tourliner,65.0,5,33
2024-07-14,SKU_202_NT,0,6,Aydınlatma_Grubu,NEOPLAN Tourliner,65.0,5,33
2024-07-21,SKU_202_NT,0,6,Aydınlatma_Grubu,NEOPLAN Tourliner,65.0,5,33
2024-07-28,SKU_202_NT,23,6,Aydınlatma_Grubu,NEOPLAN Tourliner,65.0,5,33
2024-08-04,SKU_202_NT,0,6,Aydınlatma_Grubu,NEOPLAN Tourliner,65.0,5,33
2024-08-11,SKU_202_NT,0,6,Aydınlatma_Grubu,NEOPLAN Tourliner,65.0,5,33
2024-08-18,SKU_202_NT,15,6,Aydınlatma_Grubu,NEOPLAN Tourliner,65.0,5,33
2024-08-25,SKU_202_NT,0,6,Aydınlatma_Grubu,NEOPLAN Tourliner,65.0,5,33
2024-09-01,SKU_202_NT,0,6,Aydınlatma_Grubu,NEOPLAN Tourliner,65.0,5,33
2024-09-08,SKU_202_NT,0,6,Aydınlatma_Grubu,NEOPLAN Tourliner,65.0,5,33
2024-09-15,SKU_202_NT,0,6,Aydınlatma_Grubu,NEOPLAN Tourliner,65.0,5,33
2024-09-22,SKU_202_NT,0,6,Aydınlatma_Grubu,NEOPLAN Tourliner,65.0,5,33
2024-09-29,SKU_202_NT,0,6,Aydınlatma_Grubu,NEOPLAN Tourliner,65.0,5,33
2024-10-06,SKU_202_NT,0,6,Aydınlatma_Grubu,NEOPLAN Tourliner,65.0,5,33
2024-10-13,SKU_202_NT,0,6,Aydınlatma_Grubu,NEOPLAN Tourliner,65.0,5,33
2024-10-20,SKU_202_NT,0,6,Aydınlatma_Grubu,NEOPLAN Tourliner,65.0,5,33
2024-10-27,SKU_202_NT,13,6,Aydınlatma_Grubu,NEOPLAN Tourliner,65.0,5,33
2024-11-03,SKU_202_NT,0,6,Aydınlatma_Grubu,NEOPLAN Tourliner,65.0,5,33
2024-11-10,SKU_202_NT,0,6,Aydınlatma_Grubu,NEOPLAN Tourliner,65.0,5,33
2024-11-17,SKU_202_NT,0,6,Aydınlatma_Grubu,NEOPLAN Tourliner,65.0,5,33
2024-11-24,SKU_202_NT,0,6,Aydınlatma_Grubu,NEOPLAN Tourliner,65.0,5,33
2024-12-01,SKU_202_NT,0,6,Aydınlatma_Grubu,NEOPLAN Tourliner,65.0,5,33
2024-12-08,SKU_202_NT,0,6,Aydınlatma_Grubu,NEOPLAN Tourliner,65.0,5,33
2024-12-15,SKU_202_NT,0,6,Aydınlatma_Grubu,NEOPLAN Tourliner,65.0,5,33
2024-12-22,SKU_202_NT,0,6,Aydınlatma_Grubu,NEOPLAN Tourliner,65.0,5,33
2024-12-29,SKU_202_NT,0,6,Aydınlatma_Grubu,NEOPLAN Tourliner,65.0,5,33
2025-01-05,SKU_202_NT,0,6,Aydınlatma_Grubu,NEOPLAN Tourliner,65.0,5,33
2025-01-12,SKU_202_NT,0,6,Aydınlatma_Grubu,NEOPLAN Tourliner,65.0,5,33
2025-01-19,SKU_202_NT,11,6,Aydınlatma_Grubu,NEOPLAN Tourliner,65.0,5,33
2025-01-26,SKU_202_NT,0,6,Aydınlatma_Grubu,NEOPLAN Tourliner,65.0,5,33
2025-02-02,SKU_202_NT,0,6,Aydınlatma_Grubu,NEOPLAN Tourliner,65.0,5,33
2025-02-09,SKU_202_NT,0,6,Aydınlatma_Grubu,NEOPLAN Tourliner,65.0,5,33
2025-02-16,SKU_202_NT,14,6,Aydınlatma_Grubu,NEOPLAN Tourliner,65.0,5,33
2025-02-23,SKU_202_NT,0,6,Aydınlatma_Grubu,NEOPLAN Tourliner,65.0,5,33
2025-03-02,SKU_202_NT,0,6,Aydınlatma_Grubu,NEOPLAN Tourliner,65.0,5,33
2025-03-09,SKU_202_NT,0,6,Aydınlatma_Grubu,NEOPLAN Tourliner,65.0,5,33
2025-03-16,SKU_202_NT,0,6,Aydınlatma_Grubu,NEOPLAN Tourliner,65.0,5,33
2025-03-23,SKU_202_NT,0,6,Aydınlatma_Grubu,NEOPLAN Tourliner,65.0,5,33
2025-03-30,SKU_202_NT,0,6,Aydınlatma_Grubu,NEOPLAN Tourliner,65.0,5,33
2025-04-06,SKU_202_NT,0,6,Aydınlatma_Grubu,NEOPLAN Tourliner,65.0,5,33
2025-04-13,SKU_202_NT,16,6,Aydınlatma_Grubu,NEOPLAN Tourliner,65.0,5,33
2025-04-20,SKU_202_NT,0,6,Aydınlatma_Grubu,NEOPLAN Tourliner,65.0,5,33
2025-04-27,SKU_202_NT,0,6,Aydınlatma_Grubu,NEOPLAN Tourliner,65.0,5,33
2025-05-04,SKU_202_NT,0,6,Aydınlatma_Grubu,NEOPLAN Tourliner,65.0,5,33
2025-05-11,SKU_202_NT,15,6,Aydınlatma_Grubu,NEOPLAN Tourliner,65.0,5,33
2025-05-18,SKU_202_NT,0,6,Aydınlatma_Grubu,NEOPLAN Tourliner,65.0,5,33
2025-05-25,SKU_202_NT,13,6,Aydınlatma_Grubu,NEOPLAN Tourliner,65.0,5,33
2025-06-01,SKU_202_NT,0,6,Aydınlatma_Grubu,NEOPLAN Tourliner,65.0,5,33
2025-06-08,SKU_202_NT,23,6,Aydınlatma_Grubu,NEOPLAN Tourliner,65.0,5,33
2025-06-15,SKU_202_NT,0,6,Aydınlatma_Grubu,NEOPLAN Tourliner,65.0,5,33
2025-06-22,SKU_202_NT,0,6,Aydınlatma_Grubu,NEOPLAN Tourliner,65.0,5,33
2025-06-29,SKU_202_NT,24,6,Aydınlatma_Grubu,NEOPLAN Tourliner,65.0,5,33
2025-07-06,SKU_202_NT,0,6,Aydınlatma_Grubu,NEOPLAN Tourliner,65.0,5,33
2025-07-13,SKU_202_NT,0,6,Aydınlatma_Grubu,NEOPLAN Tourliner,65.0,5,33
2025-07-20,SKU_202_NT,14,6,Aydınlatma_Grubu,NEOPLAN Tourliner,65.0,5,33
2025-07-27,SKU_202_NT,0,6,Aydınlatma_Grubu,NEOPLAN Tourliner,65.0,5,33
2025-08-03,SKU_202_NT,0,6,Aydınlatma_Grubu,NEOPLAN Tourliner,65.0,5,33
2025-08-10,SKU_202_NT,0,6,Aydınlatma_Grubu,NEOPLAN Tourliner,65.0,5,33
2025-08-17,SKU_202_NT,0,6,Aydınlatma_Grubu,NEOPLAN Tourliner,65.0,5,33
2025-08-24,SKU_202_NT,0,6,Aydınlatma_Grubu,NEOPLAN Tourliner,65.0,5,33
2025-08-31,SKU_202_NT,0,6,Aydınlatma_Grubu,NEOPLAN Tourliner,65.0,5,33
2025-09-07,SKU_202_NT,0,6,Aydınlatma_Grubu,NEOPLAN Tourliner,65.0,5,33
2025-09-14,SKU_202_NT,0,6,Aydınlatma_Grubu,NEOPLAN Tourliner,65.0,5,33
2025-09-21,SKU_202_NT,0,6,Aydınlatma_Grubu,NEOPLAN Tourliner,65.0,5,33
2025-09-28,SKU_202_NT,0,6,Aydınlatma_Grubu,NEOPLAN Tourliner,65.0,5,33
2025-10-05,SKU_202_NT,0,6,Aydınlatma_Grubu,NEOPLAN Tourliner,65.0,5,33
2025-10-12,SKU_202_NT,0,6,Aydınlatma_Grubu,NEOPLAN Tourliner,65.0,5,33
2025-10-19,SKU_202_NT,0,6,Aydınlatma_Grubu,NEOPLAN Tourliner,65.0,5,33
2025-10-26,SKU_202_NT,0,6,Aydınlatma_Grubu,NEOPLAN Tourliner,65.0,5,33
2025-11-02,SKU_202_NT,0,6,Aydınlatma_Grubu,NEOPLAN Tourliner,65.0,5,33
2025-11-09,SKU_202_NT,0,6,Aydınlatma_Grubu,NEOPLAN Tourliner,65.0,5,33
2025-11-16,SKU_202_NT,22,6,Aydınlatma_Grubu,NEOPLAN Tourliner,65.0,5,33
2025-11-23,SKU_202_NT,0,6,Aydınlatma_Grubu,NEOPLAN Tourliner,65.0,5,33
2025-11-30,SKU_202_NT,0,6,Aydınlatma_Grubu,NEOPLAN Tourliner,65.0,5,33
2025-12-07,SKU_202_NT,0,6,Aydınlatma_Grubu,NEOPLAN Tourliner,65.0,5,33
2025-12-14,SKU_202_NT,0,6,Aydınlatma_Grubu,NEOPLAN Tourliner,65.0,5,33
2025-12-21,SKU_202_NT,0,6,Aydınlatma_Grubu,NEOPLAN Tourliner,65.0,5,33
2025-12-28,SKU_202_NT,0,6,Aydınlatma_Grubu,NEOPLAN Tourliner,65.0,5,33
2024-01-07,SKU_203_NT,128,3,Sızdırmazlık,NEOPLAN Tourliner,12.5,50,361
2024-01-14,SKU_203_NT,139,3,Sızdırmazlık,NEOPLAN Tourliner,12.5,50,361
2024-01-21,SKU_203_NT,157,3,Sızdırmazlık,NEOPLAN Tourliner,12.5,50,361
2024-01-28,SKU_203_NT,154,3,Sızdırmazlık,NEOPLAN Tourliner,12.5,50,361
2024-02-04,SKU_203_NT,155,3,Sızdırmazlık,NEOPLAN Tourliner,12.5,50,361
2024-02-11,SKU_203_NT,0,3,Sızdırmazlık,NEOPLAN Tourliner,12.5,50,361
2024-02-18,SKU_203_NT,143,3,Sızdırmazlık,NEOPLAN Tourliner,12.5,50,361
2024-02-25,SKU_203_NT,143,3,Sızdırmazlık,NEOPLAN Tourliner,12.5,50,361
2024-03-03,SKU_203_NT,90,3,Sızdırmazlık,NEOPLAN Tourliner,12.5,50,361
2024-03-10,SKU_203_NT,93,3,Sızdırmazlık,NEOPLAN Tourliner,12.5,50,361
2024-03-17,SKU_203_NT,114,3,Sızdırmazlık,NEOPLAN Tourliner,12.5,50,361
2024-03-24,SKU_203_NT,0,3,Sızdırmazlık,NEOPLAN Tourliner,12.5,50,361
2024-03-31,SKU_203_NT,157,3,Sızdırmazlık,NEOPLAN Tourliner,12.5,50,361
2024-04-07,SKU_203_NT,83,3,Sızdırmazlık,NEOPLAN Tourliner,12.5,50,361
2024-04-14,SKU_203_NT,0,3,Sızdırmazlık,NEOPLAN Tourliner,12.5,50,361
2024-04-21,SKU_203_NT,97,3,Sızdırmazlık,NEOPLAN Tourliner,12.5,50,361
2024-04-28,SKU_203_NT,118,3,Sızdırmazlık,NEOPLAN Tourliner,12.5,50,361
2024-05-05,SKU_203_NT,111,3,Sızdırmazlık,NEOPLAN Tourliner,12.5,50,361
2024-05-12,SKU_203_NT,0,3,Sızdırmazlık,NEOPLAN Tourliner,12.5,50,361
2024-05-19,SKU_203_NT,0,3,Sızdırmazlık,NEOPLAN Tourliner,12.5,50,361
2024-05-26,SKU_203_NT,94,3,Sızdırmazlık,NEOPLAN Tourliner,12.5,50,361
2024-06-02,SKU_203_NT,96,3,Sızdırmazlık,NEOPLAN Tourliner,12.5,50,361
2024-06-09,SKU_203_NT,145,3,Sızdırmazlık,NEOPLAN Tourliner,12.5,50,361
2024-06-16,SKU_203_NT,130,3,Sızdırmazlık,NEOPLAN Tourliner,12.5,50,361
2024-06-23,SKU_203_NT,149,3,Sızdırmazlık,NEOPLAN Tourliner,12.5,50,361
2024-06-30,SKU_203_NT,86,3,Sızdırmazlık,NEOPLAN Tourliner,12.5,50,361
2024-07-07,SKU_203_NT,121,3,Sızdırmazlık,NEOPLAN Tourliner,12.5,50,361
2024-07-14,SKU_203_NT,0,3,Sızdırmazlık,NEOPLAN Tourliner,12.5,50,361
2024-07-21,SKU_203_NT,108,3,Sızdırmazlık,NEOPLAN Tourliner,12.5,50,361
2024-07-28,SKU_203_NT,0,3,Sızdırmazlık,NEOPLAN Tourliner,12.5,50,361
2024-08-04,SKU_203_NT,106,3,Sızdırmazlık,NEOPLAN Tourliner,12.5,50,361
2024-08-11,SKU_203_NT,117,3,Sızdırmazlık,NEOPLAN Tourliner,12.5,50,361
2024-08-18,SKU_203_NT,106,3,Sızdırmazlık,NEOPLAN Tourliner,12.5,50,361
2024-08-25,SKU_203_NT,147,3,Sızdırmazlık,NEOPLAN Tourliner,12.5,50,361
2024-09-01,SKU_203_NT,89,3,Sızdırmazlık,NEOPLAN Tourliner,12.5,50,361
2024-09-08,SKU_203_NT,0,3,Sızdırmazlık,NEOPLAN Tourliner,12.5,50,361
2024-09-15,SKU_203_NT,117,3,Sızdırmazlık,NEOPLAN Tourliner,12.5,50,361
2024-09-22,SKU_203_NT,126,3,Sızdırmazlık,NEOPLAN Tourliner,12.5,50,361
2024-09-29,SKU_203_NT,131,3,Sızdırmazlık,NEOPLAN Tourliner,12.5,50,361
2024-10-06,SKU_203_NT,0,3,Sızdırmazlık,NEOPLAN Tourliner,12.5,50,361
2024-10-13,SKU_203_NT,84,3,Sızdırmazlık,NEOPLAN Tourliner,12.5,50,361
2024-10-20,SKU_203_NT,0,3,Sızdırmazlık,NEOPLAN Tourliner,12.5,50,361
2024-10-27,SKU_203_NT,0,3,Sızdırmazlık,NEOPLAN Tourliner,12.5,50,361
2024-11-03,SKU_203_NT,106,3,Sızdırmazlık,NEOPLAN Tourliner,12.5,50,361
2024-11-10,SKU_203_NT,115,3,Sızdırmazlık,NEOPLAN Tourliner,12.5,50,361
2024-11-17,SKU_203_NT,122,3,Sızdırmazlık,NEOPLAN Tourliner,12.5,50,361
2024-11-24,SKU_203_NT,99,3,Sızdırmazlık,NEOPLAN Tourliner,12.5,50,361
2024-12-01,SKU_203_NT,0,3,Sızdırmazlık,NEOPLAN Tourliner,12.5,50,361
2024-12-08,SKU_203_NT,117,3,Sızdırmazlık,NEOPLAN Tourliner,12.5,50,361
2024-12-15,SKU_203_NT,0,3,Sızdırmazlık,NEOPLAN Tourliner,12.5,50,361
2024-12-22,SKU_203_NT,0,3,Sızdırmazlık,NEOPLAN Tourliner,12.5,50,361
2024-12-29,SKU_203_NT,0,3,Sızdırmazlık,NEOPLAN Tourliner,12.5,50,361
2025-01-05,SKU_203_NT,92,3,Sızdırmazlık,NEOPLAN Tourliner,12.5,50,361
2025-01-12,SKU_203_NT,0,3,Sızdırmazlık,NEOPLAN Tourliner,12.5,50,361
2025-01-19,SKU_203_NT,0,3,Sızdırmazlık,NEOPLAN Tourliner,12.5,50,361
2025-01-26,SKU_203_NT,0,3,Sızdırmazlık,NEOPLAN Tourliner,12.5,50,361
2025-02-02,SKU_203_NT,122,3,Sızdırmazlık,NEOPLAN Tourliner,12.5,50,361
2025-02-09,SKU_203_NT,147,3,Sızdırmazlık,NEOPLAN Tourliner,12.5,50,361
2025-02-16,SKU_203_NT,116,3,Sızdırmazlık,NEOPLAN Tourliner,12.5,50,361
2025-02-23,SKU_203_NT,110,3,Sızdırmazlık,NEOPLAN Tourliner,12.5,50,361
2025-03-02,SKU_203_NT,130,3,Sızdırmazlık,NEOPLAN Tourliner,12.5,50,361
2025-03-09,SKU_203_NT,119,3,Sızdırmazlık,NEOPLAN Tourliner,12.5,50,361
2025-03-16,SKU_203_NT,90,3,Sızdırmazlık,NEOPLAN Tourliner,12.5,50,361
2025-03-23,SKU_203_NT,0,3,Sızdırmazlık,NEOPLAN Tourliner,12.5,50,361
2025-03-30,SKU_203_NT,0,3,Sızdırmazlık,NEOPLAN Tourliner,12.5,50,361
2025-04-06,SKU_203_NT,115,3,Sızdırmazlık,NEOPLAN Tourliner,12.5,50,361
2025-04-13,SKU_203_NT,0,3,Sızdırmazlık,NEOPLAN Tourliner,12.5,50,361
2025-04-20,SKU_203_NT,142,3,Sızdırmazlık,NEOPLAN Tourliner,12.5,50,361
2025-04-27,SKU_203_NT,0,3,Sızdırmazlık,NEOPLAN Tourliner,12.5,50,361
2025-05-04,SKU_203_NT,0,3,Sızdırmazlık,NEOPLAN Tourliner,12.5,50,361
2025-05-11,SKU_203_NT,126,3,Sızdırmazlık,NEOPLAN Tourliner,12.5,50,361
2025-05-18,SKU_203_NT,0,3,Sızdırmazlık,NEOPLAN Tourliner,12.5,50,361
2025-05-25,SKU_203_NT,0,3,Sızdırmazlık,NEOPLAN Tourliner,12.5,50,361
2025-06-01,SKU_203_NT,105,3,Sızdırmazlık,NEOPLAN Tourliner,12.5,50,361
2025-06-08,SKU_203_NT,0,3,Sızdırmazlık,NEOPLAN Tourliner,12.5,50,361
2025-06-15,SKU_203_NT,0,3,Sızdırmazlık,NEOPLAN Tourliner,12.5,50,361
2025-06-22,SKU_203_NT,154,3,Sızdırmazlık,NEOPLAN Tourliner,12.5,50,361
2025-06-29,SKU_203_NT,86,3,Sızdırmazlık,NEOPLAN Tourliner,12.5,50,361
2025-07-06,SKU_203_NT,0,3,Sızdırmazlık,NEOPLAN Tourliner,12.5,50,361
2025-07-13,SKU_203_NT,96,3,Sızdırmazlık,NEOPLAN Tourliner,12.5,50,361
2025-07-20,SKU_203_NT,138,3,Sızdırmazlık,NEOPLAN Tourliner,12.5,50,361
2025-07-27,SKU_203_NT,0,3,Sızdırmazlık,NEOPLAN Tourliner,12.5,50,361
2025-08-03,SKU_203_NT,0,3,Sızdırmazlık,NEOPLAN Tourliner,12.5,50,361
2025-08-10,SKU_203_NT,0,3,Sızdırmazlık,NEOPLAN Tourliner,12.5,50,361
2025-08-17,SKU_203_NT,0,3,Sızdırmazlık,NEOPLAN Tourliner,12.5,50,361
2025-08-24,SKU_203_NT,0,3,Sızdırmazlık,NEOPLAN Tourliner,12.5,50,361
2025-08-31,SKU_203_NT,128,3,Sızdırmazlık,NEOPLAN Tourliner,12.5,50,361
2025-09-07,SKU_203_NT,101,3,Sızdırmazlık,NEOPLAN Tourliner,12.5,50,361
2025-09-14,SKU_203_NT,0,3,Sızdırmazlık,NEOPLAN Tourliner,12.5,50,361
2025-09-21,SKU_203_NT,0,3,Sızdırmazlık,NEOPLAN Tourliner,12.5,50,361
2025-09-28,SKU_203_NT,128,3,Sızdırmazlık,NEOPLAN Tourliner,12.5,50,361
2025-10-05,SKU_203_NT,142,3,Sızdırmazlık,NEOPLAN Tourliner,12.5,50,361
2025-10-12,SKU_203_NT,128,3,Sızdırmazlık,NEOPLAN Tourliner,12.5,50,361
2025-10-19,SKU_203_NT,0,3,Sızdırmazlık,NEOPLAN Tourliner,12.5,50,361
2025-10-26,SKU_203_NT,0,3,Sızdırmazlık,NEOPLAN Tourliner,12.5,50,361
2025-11-02,SKU_203_NT,0,3,Sızdırmazlık,NEOPLAN Tourliner,12.5,50,361
2025-11-09,SKU_203_NT,0,3,Sızdırmazlık,NEOPLAN Tourliner,12.5,50,361
2025-11-16,SKU_203_NT,141,3,Sızdırmazlık,NEOPLAN Tourliner,12.5,50,361
2025-11-23,SKU_203_NT,0,3,Sızdırmazlık,NEOPLAN Tourliner,12.5,50,361
2025-11-30,SKU_203_NT,0,3,Sızdırmazlık,NEOPLAN Tourliner,12.5,50,361
2025-12-07,SKU_203_NT,0,3,Sızdırmazlık,NEOPLAN Tourliner,12.5,50,361
2025-12-14,SKU_203_NT,0,3,Sızdırmazlık,NEOPLAN Tourliner,12.5,50,361
2025-12-21,SKU_203_NT,97,3,Sızdırmazlık,NEOPLAN Tourliner,12.5,50,361
2025-12-28,SKU_203_NT,0,3,Sızdırmazlık,NEOPLAN Tourliner,12.5,50,361
2024-01-07,SKU_301_LCO,87,3,Filtre_Grubu,Lion's Coach,22.0,25,279
2024-01-14,SKU_301_LCO,53,3,Filtre_Grubu,Lion's Coach,22.0,25,279
2024-01-21,SKU_301_LCO,0,3,Filtre_Grubu,Lion's Coach,22.0,25,279
2024-01-28,SKU_301_LCO,52,3,Filtre_Grubu,Lion's Coach,22.0,25,279
2024-02-04,SKU_301_LCO,0,3,Filtre_Grubu,Lion's Coach,22.0,25,279
2024-02-11,SKU_301_LCO,0,3,Filtre_Grubu,Lion's Coach,22.0,25,279
2024-02-18,SKU_301_LCO,104,3,Filtre_Grubu,Lion's Coach,22.0,25,279
2024-02-25,SKU_301_LCO,0,3,Filtre_Grubu,Lion's Coach,22.0,25,279
2024-03-03,SKU_301_LCO,57,3,Filtre_Grubu,Lion's Coach,22.0,25,279
2024-03-10,SKU_301_LCO,0,3,Filtre_Grubu,Lion's Coach,22.0,25,279
2024-03-17,SKU_301_LCO,0,3,Filtre_Grubu,Lion's Coach,22.0,25,279
2024-03-24,SKU_301_LCO,0,3,Filtre_Grubu,Lion's Coach,22.0,25,279
2024-03-31,SKU_301_LCO,103,3,Filtre_Grubu,Lion's Coach,22.0,25,279
2024-04-07,SKU_301_LCO,0,3,Filtre_Grubu,Lion's Coach,22.0,25,279
2024-04-14,SKU_301_LCO,100,3,Filtre_Grubu,Lion's Coach,22.0,25,279
2024-04-21,SKU_301_LCO,57,3,Filtre_Grubu,Lion's Coach,22.0,25,279
2024-04-28,SKU_301_LCO,0,3,Filtre_Grubu,Lion's Coach,22.0,25,279
2024-05-05,SKU_301_LCO,0,3,Filtre_Grubu,Lion's Coach,22.0,25,279
2024-05-12,SKU_301_LCO,95,3,Filtre_Grubu,Lion's Coach,22.0,25,279
2024-05-19,SKU_301_LCO,117,3,Filtre_Grubu,Lion's Coach,22.0,25,279
2024-05-26,SKU_301_LCO,103,3,Filtre_Grubu,Lion's Coach,22.0,25,279
2024-06-02,SKU_301_LCO,0,3,Filtre_Grubu,Lion's Coach,22.0,25,279
2024-06-09,SKU_301_LCO,0,3,Filtre_Grubu,Lion's Coach,22.0,25,279
2024-06-16,SKU_301_LCO,56,3,Filtre_Grubu,Lion's Coach,22.0,25,279
2024-06-23,SKU_301_LCO,82,3,Filtre_Grubu,Lion's Coach,22.0,25,279
2024-06-30,SKU_301_LCO,0,3,Filtre_Grubu,Lion's Coach,22.0,25,279
2024-07-07,SKU_301_LCO,0,3,Filtre_Grubu,Lion's Coach,22.0,25,279
2024-07-14,SKU_301_LCO,0,3,Filtre_Grubu,Lion's Coach,22.0,25,279
2024-07-21,SKU_301_LCO,109,3,Filtre_Grubu,Lion's Coach,22.0,25,279
2024-07-28,SKU_301_LCO,50,3,Filtre_Grubu,Lion's Coach,22.0,25,279
2024-08-04,SKU_301_LCO,69,3,Filtre_Grubu,Lion's Coach,22.0,25,279
2024-08-11,SKU_301_LCO,0,3,Filtre_Grubu,Lion's Coach,22.0,25,279
2024-08-18,SKU_301_LCO,116,3,Filtre_Grubu,Lion's Coach,22.0,25,279
2024-08-25,SKU_301_LCO,61,3,Filtre_Grubu,Lion's Coach,22.0,25,279
2024-09-01,SKU_301_LCO,86,3,Filtre_Grubu,Lion's Coach,22.0,25,279
2024-09-08,SKU_301_LCO,0,3,Filtre_Grubu,Lion's Coach,22.0,25,279
2024-09-15,SKU_301_LCO,102,3,Filtre_Grubu,Lion's Coach,22.0,25,279
2024-09-22,SKU_301_LCO,0,3,Filtre_Grubu,Lion's Coach,22.0,25,279
2024-09-29,SKU_301_LCO,73,3,Filtre_Grubu,Lion's Coach,22.0,25,279
2024-10-06,SKU_301_LCO,0,3,Filtre_Grubu,Lion's Coach,22.0,25,279
2024-10-13,SKU_301_LCO,108,3,Filtre_Grubu,Lion's Coach,22.0,25,279
2024-10-20,SKU_301_LCO,63,3,Filtre_Grubu,Lion's Coach,22.0,25,279
2024-10-27,SKU_301_LCO,115,3,Filtre_Grubu,Lion's Coach,22.0,25,279
2024-11-03,SKU_301_LCO,71,3,Filtre_Grubu,Lion's Coach,22.0,25,279
2024-11-10,SKU_301_LCO,53,3,Filtre_Grubu,Lion's Coach,22.0,25,279
2024-11-17,SKU_301_LCO,0,3,Filtre_Grubu,Lion's Coach,22.0,25,279
2024-11-24,SKU_301_LCO,86,3,Filtre_Grubu,Lion's Coach,22.0,25,279
2024-12-01,SKU_301_LCO,0,3,Filtre_Grubu,Lion's Coach,22.0,25,279
2024-12-08,SKU_301_LCO,91,3,Filtre_Grubu,Lion's Coach,22.0,25,279
2024-12-15,SKU_301_LCO,87,3,Filtre_Grubu,Lion's Coach,22.0,25,279
2024-12-22,SKU_301_LCO,0,3,Filtre_Grubu,Lion's Coach,22.0,25,279
2024-12-29,SKU_301_LCO,0,3,Filtre_Grubu,Lion's Coach,22.0,25,279
2025-01-05,SKU_301_LCO,0,3,Filtre_Grubu,Lion's Coach,22.0,25,279
2025-01-12,SKU_301_LCO,76,3,Filtre_Grubu,Lion's Coach,22.0,25,279
2025-01-19,SKU_301_LCO,55,3,Filtre_Grubu,Lion's Coach,22.0,25,279
2025-01-26,SKU_301_LCO,61,3,Filtre_Grubu,Lion's Coach,22.0,25,279
2025-02-02,SKU_301_LCO,102,3,Filtre_Grubu,Lion's Coach,22.0,25,279
2025-02-09,SKU_301_LCO,0,3,Filtre_Grubu,Lion's Coach,22.0,25,279
2025-02-16,SKU_301_LCO,75,3,Filtre_Grubu,Lion's Coach,22.0,25,279
2025-02-23,SKU_301_LCO,0,3,Filtre_Grubu,Lion's Coach,22.0,25,279
2025-03-02,SKU_301_LCO,95,3,Filtre_Grubu,Lion's Coach,22.0,25,279
2025-03-09,SKU_301_LCO,0,3,Filtre_Grubu,Lion's Coach,22.0,25,279
2025-03-16,SKU_301_LCO,0,3,Filtre_Grubu,Lion's Coach,22.0,25,279
2025-03-23,SKU_301_LCO,100,3,Filtre_Grubu,Lion's Coach,22.0,25,279
2025-03-30,SKU_301_LCO,0,3,Filtre_Grubu,Lion's Coach,22.0,25,279
2025-04-06,SKU_301_LCO,78,3,Filtre_Grubu,Lion's Coach,22.0,25,279
2025-04-13,SKU_301_LCO,0,3,Filtre_Grubu,Lion's Coach,22.0,25,279
2025-04-20,SKU_301_LCO,0,3,Filtre_Grubu,Lion's Coach,22.0,25,279
2025-04-27,SKU_301_LCO,0,3,Filtre_Grubu,Lion's Coach,22.0,25,279
2025-05-04,SKU_301_LCO,88,3,Filtre_Grubu,Lion's Coach,22.0,25,279
2025-05-11,SKU_301_LCO,103,3,Filtre_Grubu,Lion's Coach,22.0,25,279
2025-05-18,SKU_301_LCO,0,3,Filtre_Grubu,Lion's Coach,22.0,25,279
2025-05-25,SKU_301_LCO,71,3,Filtre_Grubu,Lion's Coach,22.0,25,279
2025-06-01,SKU_301_LCO,82,3,Filtre_Grubu,Lion's Coach,22.0,25,279
2025-06-08,SKU_301_LCO,0,3,Filtre_Grubu,Lion's Coach,22.0,25,279
2025-06-15,SKU_301_LCO,111,3,Filtre_Grubu,Lion's Coach,22.0,25,279
2025-06-22,SKU_301_LCO,75,3,Filtre_Grubu,Lion's Coach,22.0,25,279
2025-06-29,SKU_301_LCO,0,3,Filtre_Grubu,Lion's Coach,22.0,25,279
2025-07-06,SKU_301_LCO,0,3,Filtre_Grubu,Lion's Coach,22.0,25,279
2025-07-13,SKU_301_LCO,0,3,Filtre_Grubu,Lion's Coach,22.0,25,279
2025-07-20,SKU_301_LCO,0,3,Filtre_Grubu,Lion's Coach,22.0,25,279
2025-07-27,SKU_301_LCO,91,3,Filtre_Grubu,Lion's Coach,22.0,25,279
2025-08-03,SKU_301_LCO,0,3,Filtre_Grubu,Lion's Coach,22.0,25,279
2025-08-10,SKU_301_LCO,0,3,Filtre_Grubu,Lion's Coach,22.0,25,279
2025-08-17,SKU_301_LCO,0,3,Filtre_Grubu,Lion's Coach,22.0,25,279
2025-08-24,SKU_301_LCO,0,3,Filtre_Grubu,Lion's Coach,22.0,25,279
2025-08-31,SKU_301_LCO,61,3,Filtre_Grubu,Lion's Coach,22.0,25,279
2025-09-07,SKU_301_LCO,0,3,Filtre_Grubu,Lion's Coach,22.0,25,279
2025-09-14,SKU_301_LCO,0,3,Filtre_Grubu,Lion's Coach,22.0,25,279
2025-09-21,SKU_301_LCO,110,3,Filtre_Grubu,Lion's Coach,22.0,25,279
2025-09-28,SKU_301_LCO,106,3,Filtre_Grubu,Lion's Coach,22.0,25,279
2025-10-05,SKU_301_LCO,0,3,Filtre_Grubu,Lion's Coach,22.0,25,279
2025-10-12,SKU_301_LCO,0,3,Filtre_Grubu,Lion's Coach,22.0,25,279
2025-10-19,SKU_301_LCO,57,3,Filtre_Grubu,Lion's Coach,22.0,25,279
2025-10-26,SKU_301_LCO,119,3,Filtre_Grubu,Lion's Coach,22.0,25,279
2025-11-02,SKU_301_LCO,61,3,Filtre_Grubu,Lion's Coach,22.0,25,279
2025-11-09,SKU_301_LCO,0,3,Filtre_Grubu,Lion's Coach,22.0,25,279
2025-11-16,SKU_301_LCO,75,3,Filtre_Grubu,Lion's Coach,22.0,25,279
2025-11-23,SKU_301_LCO,0,3,Filtre_Grubu,Lion's Coach,22.0,25,279
2025-11-30,SKU_301_LCO,66,3,Filtre_Grubu,Lion's Coach,22.0,25,279
2025-12-07,SKU_301_LCO,0,3,Filtre_Grubu,Lion's Coach,22.0,25,279
2025-12-14,SKU_301_LCO,56,3,Filtre_Grubu,Lion's Coach,22.0,25,279
2025-12-21,SKU_301_LCO,0,3,Filtre_Grubu,Lion's Coach,22.0,25,279
2025-12-28,SKU_301_LCO,58,3,Filtre_Grubu,Lion's Coach,22.0,25,279
2024-01-07,SKU_302_LCO,0,7,Elektronik_Sensör,Lion's Coach,85.0,5,19
2024-01-14,SKU_302_LCO,0,7,Elektronik_Sensör,Lion's Coach,85.0,5,19
2024-01-21,SKU_302_LCO,0,7,Elektronik_Sensör,Lion's Coach,85.0,5,19
2024-01-28,SKU_302_LCO,0,7,Elektronik_Sensör,Lion's Coach,85.0,5,19
2024-02-04,SKU_302_LCO,0,7,Elektronik_Sensör,Lion's Coach,85.0,5,19
2024-02-11,SKU_302_LCO,0,7,Elektronik_Sensör,Lion's Coach,85.0,5,19
2024-02-18,SKU_302_LCO,0,7,Elektronik_Sensör,Lion's Coach,85.0,5,19
2024-02-25,SKU_302_LCO,0,7,Elektronik_Sensör,Lion's Coach,85.0,5,19
2024-03-03,SKU_302_LCO,0,7,Elektronik_Sensör,Lion's Coach,85.0,5,19
2024-03-10,SKU_302_LCO,0,7,Elektronik_Sensör,Lion's Coach,85.0,5,19
2024-03-17,SKU_302_LCO,0,7,Elektronik_Sensör,Lion's Coach,85.0,5,19
2024-03-24,SKU_302_LCO,0,7,Elektronik_Sensör,Lion's Coach,85.0,5,19
2024-03-31,SKU_302_LCO,12,7,Elektronik_Sensör,Lion's Coach,85.0,5,19
2024-04-07,SKU_302_LCO,0,7,Elektronik_Sensör,Lion's Coach,85.0,5,19
2024-04-14,SKU_302_LCO,0,7,Elektronik_Sensör,Lion's Coach,85.0,5,19
2024-04-21,SKU_302_LCO,0,7,Elektronik_Sensör,Lion's Coach,85.0,5,19
2024-04-28,SKU_302_LCO,0,7,Elektronik_Sensör,Lion's Coach,85.0,5,19
2024-05-05,SKU_302_LCO,0,7,Elektronik_Sensör,Lion's Coach,85.0,5,19
2024-05-12,SKU_302_LCO,0,7,Elektronik_Sensör,Lion's Coach,85.0,5,19
2024-05-19,SKU_302_LCO,0,7,Elektronik_Sensör,Lion's Coach,85.0,5,19
2024-05-26,SKU_302_LCO,0,7,Elektronik_Sensör,Lion's Coach,85.0,5,19
2024-06-02,SKU_302_LCO,0,7,Elektronik_Sensör,Lion's Coach,85.0,5,19
2024-06-09,SKU_302_LCO,6,7,Elektronik_Sensör,Lion's Coach,85.0,5,19
2024-06-16,SKU_302_LCO,0,7,Elektronik_Sensör,Lion's Coach,85.0,5,19
2024-06-23,SKU_302_LCO,11,7,Elektronik_Sensör,Lion's Coach,85.0,5,19
2024-06-30,SKU_302_LCO,0,7,Elektronik_Sensör,Lion's Coach,85.0,5,19
2024-07-07,SKU_302_LCO,0,7,Elektronik_Sensör,Lion's Coach,85.0,5,19
2024-07-14,SKU_302_LCO,11,7,Elektronik_Sensör,Lion's Coach,85.0,5,19
2024-07-21,SKU_302_LCO,0,7,Elektronik_Sensör,Lion's Coach,85.0,5,19
2024-07-28,SKU_302_LCO,0,7,Elektronik_Sensör,Lion's Coach,85.0,5,19
2024-08-04,SKU_302_LCO,0,7,Elektronik_Sensör,Lion's Coach,85.0,5,19
2024-08-11,SKU_302_LCO,0,7,Elektronik_Sensör,Lion's Coach,85.0,5,19
2024-08-18,SKU_302_LCO,0,7,Elektronik_Sensör,Lion's Coach,85.0,5,19
2024-08-25,SKU_302_LCO,0,7,Elektronik_Sensör,Lion's Coach,85.0,5,19
2024-09-01,SKU_302_LCO,0,7,Elektronik_Sensör,Lion's Coach,85.0,5,19
2024-09-08,SKU_302_LCO,0,7,Elektronik_Sensör,Lion's Coach,85.0,5,19
2024-09-15,SKU_302_LCO,0,7,Elektronik_Sensör,Lion's Coach,85.0,5,19
2024-09-22,SKU_302_LCO,0,7,Elektronik_Sensör,Lion's Coach,85.0,5,19
2024-09-29,SKU_302_LCO,0,7,Elektronik_Sensör,Lion's Coach,85.0,5,19
2024-10-06,SKU_302_LCO,0,7,Elektronik_Sensör,Lion's Coach,85.0,5,19
2024-10-13,SKU_302_LCO,0,7,Elektronik_Sensör,Lion's Coach,85.0,5,19
2024-10-20,SKU_302_LCO,0,7,Elektronik_Sensör,Lion's Coach,85.0,5,19
2024-10-27,SKU_302_LCO,0,7,Elektronik_Sensör,Lion's Coach,85.0,5,19
2024-11-03,SKU_302_LCO,6,7,Elektronik_Sensör,Lion's Coach,85.0,5,19
2024-11-10,SKU_302_LCO,0,7,Elektronik_Sensör,Lion's Coach,85.0,5,19
2024-11-17,SKU_302_LCO,0,7,Elektronik_Sensör,Lion's Coach,85.0,5,19
2024-11-24,SKU_302_LCO,0,7,Elektronik_Sensör,Lion's Coach,85.0,5,19
2024-12-01,SKU_302_LCO,13,7,Elektronik_Sensör,Lion's Coach,85.0,5,19
2024-12-08,SKU_302_LCO,0,7,Elektronik_Sensör,Lion's Coach,85.0,5,19
2024-12-15,SKU_302_LCO,0,7,Elektronik_Sensör,Lion's Coach,85.0,5,19
2024-12-22,SKU_302_LCO,0,7,Elektronik_Sensör,Lion's Coach,85.0,5,19
2024-12-29,SKU_302_LCO,9,7,Elektronik_Sensör,Lion's Coach,85.0,5,19
2025-01-05,SKU_302_LCO,0,7,Elektronik_Sensör,Lion's Coach,85.0,5,19
2025-01-12,SKU_302_LCO,0,7,Elektronik_Sensör,Lion's Coach,85.0,5,19
2025-01-19,SKU_302_LCO,0,7,Elektronik_Sensör,Lion's Coach,85.0,5,19
2025-01-26,SKU_302_LCO,12,7,Elektronik_Sensör,Lion's Coach,85.0,5,19
2025-02-02,SKU_302_LCO,0,7,Elektronik_Sensör,Lion's Coach,85.0,5,19
2025-02-09,SKU_302_LCO,0,7,Elektronik_Sensör,Lion's Coach,85.0,5,19
2025-02-16,SKU_302_LCO,0,7,Elektronik_Sensör,Lion's Coach,85.0,5,19
2025-02-23,SKU_302_LCO,12,7,Elektronik_Sensör,Lion's Coach,85.0,5,19
2025-03-02,SKU_302_LCO,10,7,Elektronik_Sensör,Lion's Coach,85.0,5,19
2025-03-09,SKU_302_LCO,0,7,Elektronik_Sensör,Lion's Coach,85.0,5,19
2025-03-16,SKU_302_LCO,0,7,Elektronik_Sensör,Lion's Coach,85.0,5,19
2025-03-23,SKU_302_LCO,0,7,Elektronik_Sensör,Lion's Coach,85.0,5,19
2025-03-30,SKU_302_LCO,0,7,Elektronik_Sensör,Lion's Coach,85.0,5,19
2025-04-06,SKU_302_LCO,0,7,Elektronik_Sensör,Lion's Coach,85.0,5,19
2025-04-13,SKU_302_LCO,0,7,Elektronik_Sensör,Lion's Coach,85.0,5,19
2025-04-20,SKU_302_LCO,0,7,Elektronik_Sensör,Lion's Coach,85.0,5,19
2025-04-27,SKU_302_LCO,0,7,Elektronik_Sensör,Lion's Coach,85.0,5,19
2025-05-04,SKU_302_LCO,0,7,Elektronik_Sensör,Lion's Coach,85.0,5,19
2025-05-11,SKU_302_LCO,5,7,Elektronik_Sensör,Lion's Coach,85.0,5,19
2025-05-18,SKU_302_LCO,0,7,Elektronik_Sensör,Lion's Coach,85.0,5,19
2025-05-25,SKU_302_LCO,0,7,Elektronik_Sensör,Lion's Coach,85.0,5,19
2025-06-01,SKU_302_LCO,0,7,Elektronik_Sensör,Lion's Coach,85.0,5,19
2025-06-08,SKU_302_LCO,0,7,Elektronik_Sensör,Lion's Coach,85.0,5,19
2025-06-15,SKU_302_LCO,0,7,Elektronik_Sensör,Lion's Coach,85.0,5,19
2025-06-22,SKU_302_LCO,0,7,Elektronik_Sensör,Lion's Coach,85.0,5,19
2025-06-29,SKU_302_LCO,7,7,Elektronik_Sensör,Lion's Coach,85.0,5,19
2025-07-06,SKU_302_LCO,0,7,Elektronik_Sensör,Lion's Coach,85.0,5,19
2025-07-13,SKU_302_LCO,0,7,Elektronik_Sensör,Lion's Coach,85.0,5,19
2025-07-20,SKU_302_LCO,0,7,Elektronik_Sensör,Lion's Coach,85.0,5,19
2025-07-27,SKU_302_LCO,0,7,Elektronik_Sensör,Lion's Coach,85.0,5,19
2025-08-03,SKU_302_LCO,0,7,Elektronik_Sensör,Lion's Coach,85.0,5,19
2025-08-10,SKU_302_LCO,0,7,Elektronik_Sensör,Lion's Coach,85.0,5,19
2025-08-17,SKU_302_LCO,0,7,Elektronik_Sensör,Lion's Coach,85.0,5,19
2025-08-24,SKU_302_LCO,7,7,Elektronik_Sensör,Lion's Coach,85.0,5,19
2025-08-31,SKU_302_LCO,0,7,Elektronik_Sensör,Lion's Coach,85.0,5,19
2025-09-07,SKU_302_LCO,0,7,Elektronik_Sensör,Lion's Coach,85.0,5,19
2025-09-14,SKU_302_LCO,0,7,Elektronik_Sensör,Lion's Coach,85.0,5,19
2025-09-21,SKU_302_LCO,14,7,Elektronik_Sensör,Lion's Coach,85.0,5,19
2025-09-28,SKU_302_LCO,0,7,Elektronik_Sensör,Lion's Coach,85.0,5,19
2025-10-05,SKU_302_LCO,0,7,Elektronik_Sensör,Lion's Coach,85.0,5,19
2025-10-12,SKU_302_LCO,0,7,Elektronik_Sensör,Lion's Coach,85.0,5,19
2025-10-19,SKU_302_LCO,0,7,Elektronik_Sensör,Lion's Coach,85.0,5,19
2025-10-26,SKU_302_LCO,0,7,Elektronik_Sensör,Lion's Coach,85.0,5,19
2025-11-02,SKU_302_LCO,0,7,Elektronik_Sensör,Lion's Coach,85.0,5,19
2025-11-09,SKU_302_LCO,0,7,Elektronik_Sensör,Lion's Coach,85.0,5,19
2025-11-16,SKU_302_LCO,0,7,Elektronik_Sensör,Lion's Coach,85.0,5,19
2025-11-23,SKU_302_LCO,0,7,Elektronik_Sensör,Lion's Coach,85.0,5,19
2025-11-30,SKU_302_LCO,0,7,Elektronik_Sensör,Lion's Coach,85.0,5,19
2025-12-07,SKU_302_LCO,0,7,Elektronik_Sensör,Lion's Coach,85.0,5,19
2025-12-14,SKU_302_LCO,0,7,Elektronik_Sensör,Lion's Coach,85.0,5,19
2025-12-21,SKU_302_LCO,0,7,Elektronik_Sensör,Lion's Coach,85.0,5,19
2025-12-28,SKU_302_LCO,12,7,Elektronik_Sensör,Lion's Coach,85.0,5,19
2024-01-07,SKU_303_LCO,127,2,Sızdırmazlık,Lion's Coach,14.0,50,389
2024-01-14,SKU_303_LCO,109,2,Sızdırmazlık,Lion's Coach,14.0,50,389
2024-01-21,SKU_303_LCO,102,2,Sızdırmazlık,Lion's Coach,14.0,50,389
2024-01-28,SKU_303_LCO,88,2,Sızdırmazlık,Lion's Coach,14.0,50,389
2024-02-04,SKU_303_LCO,128,2,Sızdırmazlık,Lion's Coach,14.0,50,389
2024-02-11,SKU_303_LCO,110,2,Sızdırmazlık,Lion's Coach,14.0,50,389
2024-02-18,SKU_303_LCO,0,2,Sızdırmazlık,Lion's Coach,14.0,50,389
2024-02-25,SKU_303_LCO,0,2,Sızdırmazlık,Lion's Coach,14.0,50,389
2024-03-03,SKU_303_LCO,132,2,Sızdırmazlık,Lion's Coach,14.0,50,389
2024-03-10,SKU_303_LCO,129,2,Sızdırmazlık,Lion's Coach,14.0,50,389
2024-03-17,SKU_303_LCO,0,2,Sızdırmazlık,Lion's Coach,14.0,50,389
2024-03-24,SKU_303_LCO,127,2,Sızdırmazlık,Lion's Coach,14.0,50,389
2024-03-31,SKU_303_LCO,100,2,Sızdırmazlık,Lion's Coach,14.0,50,389
2024-04-07,SKU_303_LCO,79,2,Sızdırmazlık,Lion's Coach,14.0,50,389
2024-04-14,SKU_303_LCO,122,2,Sızdırmazlık,Lion's Coach,14.0,50,389
2024-04-21,SKU_303_LCO,100,2,Sızdırmazlık,Lion's Coach,14.0,50,389
2024-04-28,SKU_303_LCO,0,2,Sızdırmazlık,Lion's Coach,14.0,50,389
2024-05-05,SKU_303_LCO,81,2,Sızdırmazlık,Lion's Coach,14.0,50,389
2024-05-12,SKU_303_LCO,0,2,Sızdırmazlık,Lion's Coach,14.0,50,389
2024-05-19,SKU_303_LCO,0,2,Sızdırmazlık,Lion's Coach,14.0,50,389
2024-05-26,SKU_303_LCO,86,2,Sızdırmazlık,Lion's Coach,14.0,50,389
2024-06-02,SKU_303_LCO,0,2,Sızdırmazlık,Lion's Coach,14.0,50,389
2024-06-09,SKU_303_LCO,0,2,Sızdırmazlık,Lion's Coach,14.0,50,389
2024-06-16,SKU_303_LCO,0,2,Sızdırmazlık,Lion's Coach,14.0,50,389
2024-06-23,SKU_303_LCO,139,2,Sızdırmazlık,Lion's Coach,14.0,50,389
2024-06-30,SKU_303_LCO,0,2,Sızdırmazlık,Lion's Coach,14.0,50,389
2024-07-07,SKU_303_LCO,0,2,Sızdırmazlık,Lion's Coach,14.0,50,389
2024-07-14,SKU_303_LCO,132,2,Sızdırmazlık,Lion's Coach,14.0,50,389
2024-07-21,SKU_303_LCO,0,2,Sızdırmazlık,Lion's Coach,14.0,50,389
2024-07-28,SKU_303_LCO,0,2,Sızdırmazlık,Lion's Coach,14.0,50,389
2024-08-04,SKU_303_LCO,91,2,Sızdırmazlık,Lion's Coach,14.0,50,389
2024-08-11,SKU_303_LCO,137,2,Sızdırmazlık,Lion's Coach,14.0,50,389
2024-08-18,SKU_303_LCO,0,2,Sızdırmazlık,Lion's Coach,14.0,50,389
2024-08-25,SKU_303_LCO,91,2,Sızdırmazlık,Lion's Coach,14.0,50,389
2024-09-01,SKU_303_LCO,134,2,Sızdırmazlık,Lion's Coach,14.0,50,389
2024-09-08,SKU_303_LCO,0,2,Sızdırmazlık,Lion's Coach,14.0,50,389
2024-09-15,SKU_303_LCO,0,2,Sızdırmazlık,Lion's Coach,14.0,50,389
2024-09-22,SKU_303_LCO,83,2,Sızdırmazlık,Lion's Coach,14.0,50,389
2024-09-29,SKU_303_LCO,98,2,Sızdırmazlık,Lion's Coach,14.0,50,389
2024-10-06,SKU_303_LCO,121,2,Sızdırmazlık,Lion's Coach,14.0,50,389
2024-10-13,SKU_303_LCO,76,2,Sızdırmazlık,Lion's Coach,14.0,50,389
2024-10-20,SKU_303_LCO,0,2,Sızdırmazlık,Lion's Coach,14.0,50,389
2024-10-27,SKU_303_LCO,101,2,Sızdırmazlık,Lion's Coach,14.0,50,389
2024-11-03,SKU_303_LCO,127,2,Sızdırmazlık,Lion's Coach,14.0,50,389
2024-11-10,SKU_303_LCO,0,2,Sızdırmazlık,Lion's Coach,14.0,50,389
2024-11-17,SKU_303_LCO,0,2,Sızdırmazlık,Lion's Coach,14.0,50,389
2024-11-24,SKU_303_LCO,73,2,Sızdırmazlık,Lion's Coach,14.0,50,389
2024-12-01,SKU_303_LCO,82,2,Sızdırmazlık,Lion's Coach,14.0,50,389
2024-12-08,SKU_303_LCO,84,2,Sızdırmazlık,Lion's Coach,14.0,50,389
2024-12-15,SKU_303_LCO,98,2,Sızdırmazlık,Lion's Coach,14.0,50,389
2024-12-22,SKU_303_LCO,0,2,Sızdırmazlık,Lion's Coach,14.0,50,389
2024-12-29,SKU_303_LCO,116,2,Sızdırmazlık,Lion's Coach,14.0,50,389
2025-01-05,SKU_303_LCO,91,2,Sızdırmazlık,Lion's Coach,14.0,50,389
2025-01-12,SKU_303_LCO,0,2,Sızdırmazlık,Lion's Coach,14.0,50,389
2025-01-19,SKU_303_LCO,125,2,Sızdırmazlık,Lion's Coach,14.0,50,389
2025-01-26,SKU_303_LCO,90,2,Sızdırmazlık,Lion's Coach,14.0,50,389
2025-02-02,SKU_303_LCO,128,2,Sızdırmazlık,Lion's Coach,14.0,50,389
2025-02-09,SKU_303_LCO,88,2,Sızdırmazlık,Lion's Coach,14.0,50,389
2025-02-16,SKU_303_LCO,0,2,Sızdırmazlık,Lion's Coach,14.0,50,389
2025-02-23,SKU_303_LCO,70,2,Sızdırmazlık,Lion's Coach,14.0,50,389
2025-03-02,SKU_303_LCO,0,2,Sızdırmazlık,Lion's Coach,14.0,50,389
2025-03-09,SKU_303_LCO,103,2,Sızdırmazlık,Lion's Coach,14.0,50,389
2025-03-16,SKU_303_LCO,0,2,Sızdırmazlık,Lion's Coach,14.0,50,389
2025-03-23,SKU_303_LCO,0,2,Sızdırmazlık,Lion's Coach,14.0,50,389
2025-03-30,SKU_303_LCO,81,2,Sızdırmazlık,Lion's Coach,14.0,50,389
2025-04-06,SKU_303_LCO,96,2,Sızdırmazlık,Lion's Coach,14.0,50,389
2025-04-13,SKU_303_LCO,115,2,Sızdırmazlık,Lion's Coach,14.0,50,389
2025-04-20,SKU_303_LCO,0,2,Sızdırmazlık,Lion's Coach,14.0,50,389
2025-04-27,SKU_303_LCO,0,2,Sızdırmazlık,Lion's Coach,14.0,50,389
2025-05-04,SKU_303_LCO,0,2,Sızdırmazlık,Lion's Coach,14.0,50,389
2025-05-11,SKU_303_LCO,119,2,Sızdırmazlık,Lion's Coach,14.0,50,389
2025-05-18,SKU_303_LCO,72,2,Sızdırmazlık,Lion's Coach,14.0,50,389
2025-05-25,SKU_303_LCO,113,2,Sızdırmazlık,Lion's Coach,14.0,50,389
2025-06-01,SKU_303_LCO,0,2,Sızdırmazlık,Lion's Coach,14.0,50,389
2025-06-08,SKU_303_LCO,72,2,Sızdırmazlık,Lion's Coach,14.0,50,389
2025-06-15,SKU_303_LCO,0,2,Sızdırmazlık,Lion's Coach,14.0,50,389
2025-06-22,SKU_303_LCO,86,2,Sızdırmazlık,Lion's Coach,14.0,50,389
2025-06-29,SKU_303_LCO,78,2,Sızdırmazlık,Lion's Coach,14.0,50,389
2025-07-06,SKU_303_LCO,0,2,Sızdırmazlık,Lion's Coach,14.0,50,389
2025-07-13,SKU_303_LCO,132,2,Sızdırmazlık,Lion's Coach,14.0,50,389
2025-07-20,SKU_303_LCO,71,2,Sızdırmazlık,Lion's Coach,14.0,50,389
2025-07-27,SKU_303_LCO,80,2,Sızdırmazlık,Lion's Coach,14.0,50,389
2025-08-03,SKU_303_LCO,90,2,Sızdırmazlık,Lion's Coach,14.0,50,389
2025-08-10,SKU_303_LCO,0,2,Sızdırmazlık,Lion's Coach,14.0,50,389
2025-08-17,SKU_303_LCO,0,2,Sızdırmazlık,Lion's Coach,14.0,50,389
2025-08-24,SKU_303_LCO,107,2,Sızdırmazlık,Lion's Coach,14.0,50,389
2025-08-31,SKU_303_LCO,0,2,Sızdırmazlık,Lion's Coach,14.0,50,389
2025-09-07,SKU_303_LCO,102,2,Sızdırmazlık,Lion's Coach,14.0,50,389
2025-09-14,SKU_303_LCO,110,2,Sızdırmazlık,Lion's Coach,14.0,50,389
2025-09-21,SKU_303_LCO,0,2,Sızdırmazlık,Lion's Coach,14.0,50,389
2025-09-28,SKU_303_LCO,110,2,Sızdırmazlık,Lion's Coach,14.0,50,389
2025-10-05,SKU_303_LCO,0,2,Sızdırmazlık,Lion's Coach,14.0,50,389
2025-10-12,SKU_303_LCO,101,2,Sızdırmazlık,Lion's Coach,14.0,50,389
2025-10-19,SKU_303_LCO,0,2,Sızdırmazlık,Lion's Coach,14.0,50,389
2025-10-26,SKU_303_LCO,89,2,Sızdırmazlık,Lion's Coach,14.0,50,389
2025-11-02,SKU_303_LCO,0,2,Sızdırmazlık,Lion's Coach,14.0,50,389
2025-11-09,SKU_303_LCO,71,2,Sızdırmazlık,Lion's Coach,14.0,50,389
2025-11-16,SKU_303_LCO,99,2,Sızdırmazlık,Lion's Coach,14.0,50,389
2025-11-23,SKU_303_LCO,0,2,Sızdırmazlık,Lion's Coach,14.0,50,389
2025-11-30,SKU_303_LCO,0,2,Sızdırmazlık,Lion's Coach,14.0,50,389
2025-12-07,SKU_303_LCO,0,2,Sızdırmazlık,Lion's Coach,14.0,50,389
2025-12-14,SKU_303_LCO,0,2,Sızdırmazlık,Lion's Coach,14.0,50,389
2025-12-21,SKU_303_LCO,115,2,Sızdırmazlık,Lion's Coach,14.0,50,389
2025-12-28,SKU_303_LCO,84,2,Sızdırmazlık,Lion's Coach,14.0,50,389
2024-01-07,SKU_401_LI,0,2,Kabin_Plastiği,Lion's Intercity,15.0,30,145
2024-01-14,SKU_401_LI,0,2,Kabin_Plastiği,Lion's Intercity,15.0,30,145
2024-01-21,SKU_401_LI,47,2,Kabin_Plastiği,Lion's Intercity,15.0,30,145
2024-01-28,SKU_401_LI,53,2,Kabin_Plastiği,Lion's Intercity,15.0,30,145
2024-02-04,SKU_401_LI,83,2,Kabin_Plastiği,Lion's Intercity,15.0,30,145
2024-02-11,SKU_401_LI,85,2,Kabin_Plastiği,Lion's Intercity,15.0,30,145
2024-02-18,SKU_401_LI,52,2,Kabin_Plastiği,Lion's Intercity,15.0,30,145
2024-02-25,SKU_401_LI,72,2,Kabin_Plastiği,Lion's Intercity,15.0,30,145
2024-03-03,SKU_401_LI,91,2,Kabin_Plastiği,Lion's Intercity,15.0,30,145
2024-03-10,SKU_401_LI,51,2,Kabin_Plastiği,Lion's Intercity,15.0,30,145
2024-03-17,SKU_401_LI,60,2,Kabin_Plastiği,Lion's Intercity,15.0,30,145
2024-03-24,SKU_401_LI,0,2,Kabin_Plastiği,Lion's Intercity,15.0,30,145
2024-03-31,SKU_401_LI,70,2,Kabin_Plastiği,Lion's Intercity,15.0,30,145
2024-04-07,SKU_401_LI,0,2,Kabin_Plastiği,Lion's Intercity,15.0,30,145
2024-04-14,SKU_401_LI,0,2,Kabin_Plastiği,Lion's Intercity,15.0,30,145
2024-04-21,SKU_401_LI,0,2,Kabin_Plastiği,Lion's Intercity,15.0,30,145
2024-04-28,SKU_401_LI,0,2,Kabin_Plastiği,Lion's Intercity,15.0,30,145
2024-05-05,SKU_401_LI,56,2,Kabin_Plastiği,Lion's Intercity,15.0,30,145
2024-05-12,SKU_401_LI,0,2,Kabin_Plastiği,Lion's Intercity,15.0,30,145
2024-05-19,SKU_401_LI,0,2,Kabin_Plastiği,Lion's Intercity,15.0,30,145
2024-05-26,SKU_401_LI,63,2,Kabin_Plastiği,Lion's Intercity,15.0,30,145
2024-06-02,SKU_401_LI,80,2,Kabin_Plastiği,Lion's Intercity,15.0,30,145
2024-06-09,SKU_401_LI,73,2,Kabin_Plastiği,Lion's Intercity,15.0,30,145
2024-06-16,SKU_401_LI,99,2,Kabin_Plastiği,Lion's Intercity,15.0,30,145
2024-06-23,SKU_401_LI,0,2,Kabin_Plastiği,Lion's Intercity,15.0,30,145
2024-06-30,SKU_401_LI,0,2,Kabin_Plastiği,Lion's Intercity,15.0,30,145
2024-07-07,SKU_401_LI,0,2,Kabin_Plastiği,Lion's Intercity,15.0,30,145
2024-07-14,SKU_401_LI,81,2,Kabin_Plastiği,Lion's Intercity,15.0,30,145
2024-07-21,SKU_401_LI,85,2,Kabin_Plastiği,Lion's Intercity,15.0,30,145
2024-07-28,SKU_401_LI,0,2,Kabin_Plastiği,Lion's Intercity,15.0,30,145
2024-08-04,SKU_401_LI,0,2,Kabin_Plastiği,Lion's Intercity,15.0,30,145
2024-08-11,SKU_401_LI,0,2,Kabin_Plastiği,Lion's Intercity,15.0,30,145
2024-08-18,SKU_401_LI,0,2,Kabin_Plastiği,Lion's Intercity,15.0,30,145
2024-08-25,SKU_401_LI,0,2,Kabin_Plastiği,Lion's Intercity,15.0,30,145
2024-09-01,SKU_401_LI,0,2,Kabin_Plastiği,Lion's Intercity,15.0,30,145
2024-09-08,SKU_401_LI,93,2,Kabin_Plastiği,Lion's Intercity,15.0,30,145
2024-09-15,SKU_401_LI,75,2,Kabin_Plastiği,Lion's Intercity,15.0,30,145
2024-09-22,SKU_401_LI,0,2,Kabin_Plastiği,Lion's Intercity,15.0,30,145
2024-09-29,SKU_401_LI,81,2,Kabin_Plastiği,Lion's Intercity,15.0,30,145
2024-10-06,SKU_401_LI,0,2,Kabin_Plastiği,Lion's Intercity,15.0,30,145
2024-10-13,SKU_401_LI,0,2,Kabin_Plastiği,Lion's Intercity,15.0,30,145
2024-10-20,SKU_401_LI,68,2,Kabin_Plastiği,Lion's Intercity,15.0,30,145
2024-10-27,SKU_401_LI,0,2,Kabin_Plastiği,Lion's Intercity,15.0,30,145
2024-11-03,SKU_401_LI,0,2,Kabin_Plastiği,Lion's Intercity,15.0,30,145
2024-11-10,SKU_401_LI,0,2,Kabin_Plastiği,Lion's Intercity,15.0,30,145
2024-11-17,SKU_401_LI,0,2,Kabin_Plastiği,Lion's Intercity,15.0,30,145
2024-11-24,SKU_401_LI,0,2,Kabin_Plastiği,Lion's Intercity,15.0,30,145
2024-12-01,SKU_401_LI,59,2,Kabin_Plastiği,Lion's Intercity,15.0,30,145
2024-12-08,SKU_401_LI,50,2,Kabin_Plastiği,Lion's Intercity,15.0,30,145
2024-12-15,SKU_401_LI,95,2,Kabin_Plastiği,Lion's Intercity,15.0,30,145
2024-12-22,SKU_401_LI,0,2,Kabin_Plastiği,Lion's Intercity,15.0,30,145
2024-12-29,SKU_401_LI,56,2,Kabin_Plastiği,Lion's Intercity,15.0,30,145
2025-01-05,SKU_401_LI,0,2,Kabin_Plastiği,Lion's Intercity,15.0,30,145
2025-01-12,SKU_401_LI,0,2,Kabin_Plastiği,Lion's Intercity,15.0,30,145
2025-01-19,SKU_401_LI,77,2,Kabin_Plastiği,Lion's Intercity,15.0,30,145
2025-01-26,SKU_401_LI,0,2,Kabin_Plastiği,Lion's Intercity,15.0,30,145
2025-02-02,SKU_401_LI,92,2,Kabin_Plastiği,Lion's Intercity,15.0,30,145
2025-02-09,SKU_401_LI,86,2,Kabin_Plastiği,Lion's Intercity,15.0,30,145
2025-02-16,SKU_401_LI,0,2,Kabin_Plastiği,Lion's Intercity,15.0,30,145
2025-02-23,SKU_401_LI,99,2,Kabin_Plastiği,Lion's Intercity,15.0,30,145
2025-03-02,SKU_401_LI,0,2,Kabin_Plastiği,Lion's Intercity,15.0,30,145
2025-03-09,SKU_401_LI,0,2,Kabin_Plastiği,Lion's Intercity,15.0,30,145
2025-03-16,SKU_401_LI,0,2,Kabin_Plastiği,Lion's Intercity,15.0,30,145
2025-03-23,SKU_401_LI,0,2,Kabin_Plastiği,Lion's Intercity,15.0,30,145
2025-03-30,SKU_401_LI,0,2,Kabin_Plastiği,Lion's Intercity,15.0,30,145
2025-04-06,SKU_401_LI,0,2,Kabin_Plastiği,Lion's Intercity,15.0,30,145
2025-04-13,SKU_401_LI,0,2,Kabin_Plastiği,Lion's Intercity,15.0,30,145
2025-04-20,SKU_401_LI,83,2,Kabin_Plastiği,Lion's Intercity,15.0,30,145
2025-04-27,SKU_401_LI,0,2,Kabin_Plastiği,Lion's Intercity,15.0,30,145
2025-05-04,SKU_401_LI,0,2,Kabin_Plastiği,Lion's Intercity,15.0,30,145
2025-05-11,SKU_401_LI,46,2,Kabin_Plastiği,Lion's Intercity,15.0,30,145
2025-05-18,SKU_401_LI,49,2,Kabin_Plastiği,Lion's Intercity,15.0,30,145
2025-05-25,SKU_401_LI,0,2,Kabin_Plastiği,Lion's Intercity,15.0,30,145
2025-06-01,SKU_401_LI,80,2,Kabin_Plastiği,Lion's Intercity,15.0,30,145
2025-06-08,SKU_401_LI,91,2,Kabin_Plastiği,Lion's Intercity,15.0,30,145
2025-06-15,SKU_401_LI,0,2,Kabin_Plastiği,Lion's Intercity,15.0,30,145
2025-06-22,SKU_401_LI,98,2,Kabin_Plastiği,Lion's Intercity,15.0,30,145
2025-06-29,SKU_401_LI,0,2,Kabin_Plastiği,Lion's Intercity,15.0,30,145
2025-07-06,SKU_401_LI,0,2,Kabin_Plastiği,Lion's Intercity,15.0,30,145
2025-07-13,SKU_401_LI,0,2,Kabin_Plastiği,Lion's Intercity,15.0,30,145
2025-07-20,SKU_401_LI,45,2,Kabin_Plastiği,Lion's Intercity,15.0,30,145
2025-07-27,SKU_401_LI,0,2,Kabin_Plastiği,Lion's Intercity,15.0,30,145
2025-08-03,SKU_401_LI,0,2,Kabin_Plastiği,Lion's Intercity,15.0,30,145
2025-08-10,SKU_401_LI,98,2,Kabin_Plastiği,Lion's Intercity,15.0,30,145
2025-08-17,SKU_401_LI,0,2,Kabin_Plastiği,Lion's Intercity,15.0,30,145
2025-08-24,SKU_401_LI,0,2,Kabin_Plastiği,Lion's Intercity,15.0,30,145
2025-08-31,SKU_401_LI,81,2,Kabin_Plastiği,Lion's Intercity,15.0,30,145
2025-09-07,SKU_401_LI,0,2,Kabin_Plastiği,Lion's Intercity,15.0,30,145
2025-09-14,SKU_401_LI,88,2,Kabin_Plastiği,Lion's Intercity,15.0,30,145
2025-09-21,SKU_401_LI,0,2,Kabin_Plastiği,Lion's Intercity,15.0,30,145
2025-09-28,SKU_401_LI,50,2,Kabin_Plastiği,Lion's Intercity,15.0,30,145
2025-10-05,SKU_401_LI,0,2,Kabin_Plastiği,Lion's Intercity,15.0,30,145
2025-10-12,SKU_401_LI,0,2,Kabin_Plastiği,Lion's Intercity,15.0,30,145
2025-10-19,SKU_401_LI,0,2,Kabin_Plastiği,Lion's Intercity,15.0,30,145
2025-10-26,SKU_401_LI,0,2,Kabin_Plastiği,Lion's Intercity,15.0,30,145
2025-11-02,SKU_401_LI,0,2,Kabin_Plastiği,Lion's Intercity,15.0,30,145
2025-11-09,SKU_401_LI,73,2,Kabin_Plastiği,Lion's Intercity,15.0,30,145
2025-11-16,SKU_401_LI,79,2,Kabin_Plastiği,Lion's Intercity,15.0,30,145
2025-11-23,SKU_401_LI,0,2,Kabin_Plastiği,Lion's Intercity,15.0,30,145
2025-11-30,SKU_401_LI,49,2,Kabin_Plastiği,Lion's Intercity,15.0,30,145
2025-12-07,SKU_401_LI,0,2,Kabin_Plastiği,Lion's Intercity,15.0,30,145
2025-12-14,SKU_401_LI,0,2,Kabin_Plastiği,Lion's Intercity,15.0,30,145
2025-12-21,SKU_401_LI,64,2,Kabin_Plastiği,Lion's Intercity,15.0,30,145
2025-12-28,SKU_401_LI,68,2,Kabin_Plastiği,Lion's Intercity,15.0,30,145
2024-01-07,SKU_402_LI,0,4,Filtre_Grubu,Lion's Intercity,35.0,15,128
2024-01-14,SKU_402_LI,0,4,Filtre_Grubu,Lion's Intercity,35.0,15,128
2024-01-21,SKU_402_LI,58,4,Filtre_Grubu,Lion's Intercity,35.0,15,128
2024-01-28,SKU_402_LI,0,4,Filtre_Grubu,Lion's Intercity,35.0,15,128
2024-02-04,SKU_402_LI,0,4,Filtre_Grubu,Lion's Intercity,35.0,15,128
2024-02-11,SKU_402_LI,0,4,Filtre_Grubu,Lion's Intercity,35.0,15,128
2024-02-18,SKU_402_LI,0,4,Filtre_Grubu,Lion's Intercity,35.0,15,128
2024-02-25,SKU_402_LI,0,4,Filtre_Grubu,Lion's Intercity,35.0,15,128
2024-03-03,SKU_402_LI,0,4,Filtre_Grubu,Lion's Intercity,35.0,15,128
2024-03-10,SKU_402_LI,0,4,Filtre_Grubu,Lion's Intercity,35.0,15,128
2024-03-17,SKU_402_LI,27,4,Filtre_Grubu,Lion's Intercity,35.0,15,128
2024-03-24,SKU_402_LI,20,4,Filtre_Grubu,Lion's Intercity,35.0,15,128
2024-03-31,SKU_402_LI,48,4,Filtre_Grubu,Lion's Intercity,35.0,15,128
2024-04-07,SKU_402_LI,0,4,Filtre_Grubu,Lion's Intercity,35.0,15,128
2024-04-14,SKU_402_LI,41,4,Filtre_Grubu,Lion's Intercity,35.0,15,128
2024-04-21,SKU_402_LI,0,4,Filtre_Grubu,Lion's Intercity,35.0,15,128
2024-04-28,SKU_402_LI,0,4,Filtre_Grubu,Lion's Intercity,35.0,15,128
2024-05-05,SKU_402_LI,29,4,Filtre_Grubu,Lion's Intercity,35.0,15,128
2024-05-12,SKU_402_LI,0,4,Filtre_Grubu,Lion's Intercity,35.0,15,128
2024-05-19,SKU_402_LI,0,4,Filtre_Grubu,Lion's Intercity,35.0,15,128
2024-05-26,SKU_402_LI,59,4,Filtre_Grubu,Lion's Intercity,35.0,15,128
2024-06-02,SKU_402_LI,46,4,Filtre_Grubu,Lion's Intercity,35.0,15,128
2024-06-09,SKU_402_LI,23,4,Filtre_Grubu,Lion's Intercity,35.0,15,128
2024-06-16,SKU_402_LI,0,4,Filtre_Grubu,Lion's Intercity,35.0,15,128
2024-06-23,SKU_402_LI,0,4,Filtre_Grubu,Lion's Intercity,35.0,15,128
2024-06-30,SKU_402_LI,0,4,Filtre_Grubu,Lion's Intercity,35.0,15,128
2024-07-07,SKU_402_LI,0,4,Filtre_Grubu,Lion's Intercity,35.0,15,128
2024-07-14,SKU_402_LI,0,4,Filtre_Grubu,Lion's Intercity,35.0,15,128
2024-07-21,SKU_402_LI,0,4,Filtre_Grubu,Lion's Intercity,35.0,15,128
2024-07-28,SKU_402_LI,0,4,Filtre_Grubu,Lion's Intercity,35.0,15,128
2024-08-04,SKU_402_LI,25,4,Filtre_Grubu,Lion's Intercity,35.0,15,128
2024-08-11,SKU_402_LI,0,4,Filtre_Grubu,Lion's Intercity,35.0,15,128
2024-08-18,SKU_402_LI,44,4,Filtre_Grubu,Lion's Intercity,35.0,15,128
2024-08-25,SKU_402_LI,28,4,Filtre_Grubu,Lion's Intercity,35.0,15,128
2024-09-01,SKU_402_LI,0,4,Filtre_Grubu,Lion's Intercity,35.0,15,128
2024-09-08,SKU_402_LI,0,4,Filtre_Grubu,Lion's Intercity,35.0,15,128
2024-09-15,SKU_402_LI,0,4,Filtre_Grubu,Lion's Intercity,35.0,15,128
2024-09-22,SKU_402_LI,0,4,Filtre_Grubu,Lion's Intercity,35.0,15,128
2024-09-29,SKU_402_LI,23,4,Filtre_Grubu,Lion's Intercity,35.0,15,128
2024-10-06,SKU_402_LI,0,4,Filtre_Grubu,Lion's Intercity,35.0,15,128
2024-10-13,SKU_402_LI,37,4,Filtre_Grubu,Lion's Intercity,35.0,15,128
2024-10-20,SKU_402_LI,42,4,Filtre_Grubu,Lion's Intercity,35.0,15,128
2024-10-27,SKU_402_LI,0,4,Filtre_Grubu,Lion's Intercity,35.0,15,128
2024-11-03,SKU_402_LI,43,4,Filtre_Grubu,Lion's Intercity,35.0,15,128
2024-11-10,SKU_402_LI,0,4,Filtre_Grubu,Lion's Intercity,35.0,15,128
2024-11-17,SKU_402_LI,0,4,Filtre_Grubu,Lion's Intercity,35.0,15,128
2024-11-24,SKU_402_LI,0,4,Filtre_Grubu,Lion's Intercity,35.0,15,128
2024-12-01,SKU_402_LI,0,4,Filtre_Grubu,Lion's Intercity,35.0,15,128
2024-12-08,SKU_402_LI,0,4,Filtre_Grubu,Lion's Intercity,35.0,15,128
2024-12-15,SKU_402_LI,0,4,Filtre_Grubu,Lion's Intercity,35.0,15,128
2024-12-22,SKU_402_LI,0,4,Filtre_Grubu,Lion's Intercity,35.0,15,128
2024-12-29,SKU_402_LI,0,4,Filtre_Grubu,Lion's Intercity,35.0,15,128
2025-01-05,SKU_402_LI,0,4,Filtre_Grubu,Lion's Intercity,35.0,15,128
2025-01-12,SKU_402_LI,0,4,Filtre_Grubu,Lion's Intercity,35.0,15,128
2025-01-19,SKU_402_LI,0,4,Filtre_Grubu,Lion's Intercity,35.0,15,128
2025-01-26,SKU_402_LI,0,4,Filtre_Grubu,Lion's Intercity,35.0,15,128
2025-02-02,SKU_402_LI,0,4,Filtre_Grubu,Lion's Intercity,35.0,15,128
2025-02-09,SKU_402_LI,0,4,Filtre_Grubu,Lion's Intercity,35.0,15,128
2025-02-16,SKU_402_LI,0,4,Filtre_Grubu,Lion's Intercity,35.0,15,128
2025-02-23,SKU_402_LI,28,4,Filtre_Grubu,Lion's Intercity,35.0,15,128
2025-03-02,SKU_402_LI,0,4,Filtre_Grubu,Lion's Intercity,35.0,15,128
2025-03-09,SKU_402_LI,21,4,Filtre_Grubu,Lion's Intercity,35.0,15,128
2025-03-16,SKU_402_LI,0,4,Filtre_Grubu,Lion's Intercity,35.0,15,128
2025-03-23,SKU_402_LI,0,4,Filtre_Grubu,Lion's Intercity,35.0,15,128
2025-03-30,SKU_402_LI,0,4,Filtre_Grubu,Lion's Intercity,35.0,15,128
2025-04-06,SKU_402_LI,0,4,Filtre_Grubu,Lion's Intercity,35.0,15,128
2025-04-13,SKU_402_LI,0,4,Filtre_Grubu,Lion's Intercity,35.0,15,128
2025-04-20,SKU_402_LI,0,4,Filtre_Grubu,Lion's Intercity,35.0,15,128
2025-04-27,SKU_402_LI,0,4,Filtre_Grubu,Lion's Intercity,35.0,15,128
2025-05-04,SKU_402_LI,0,4,Filtre_Grubu,Lion's Intercity,35.0,15,128
2025-05-11,SKU_402_LI,25,4,Filtre_Grubu,Lion's Intercity,35.0,15,128
2025-05-18,SKU_402_LI,40,4,Filtre_Grubu,Lion's Intercity,35.0,15,128
2025-05-25,SKU_402_LI,0,4,Filtre_Grubu,Lion's Intercity,35.0,15,128
2025-06-01,SKU_402_LI,0,4,Filtre_Grubu,Lion's Intercity,35.0,15,128
2025-06-08,SKU_402_LI,0,4,Filtre_Grubu,Lion's Intercity,35.0,15,128
2025-06-15,SKU_402_LI,44,4,Filtre_Grubu,Lion's Intercity,35.0,15,128
2025-06-22,SKU_402_LI,0,4,Filtre_Grubu,Lion's Intercity,35.0,15,128
2025-06-29,SKU_402_LI,0,4,Filtre_Grubu,Lion's Intercity,35.0,15,128
2025-07-06,SKU_402_LI,0,4,Filtre_Grubu,Lion's Intercity,35.0,15,128
2025-07-13,SKU_402_LI,0,4,Filtre_Grubu,Lion's Intercity,35.0,15,128
2025-07-20,SKU_402_LI,0,4,Filtre_Grubu,Lion's Intercity,35.0,15,128
2025-07-27,SKU_402_LI,0,4,Filtre_Grubu,Lion's Intercity,35.0,15,128
2025-08-03,SKU_402_LI,0,4,Filtre_Grubu,Lion's Intercity,35.0,15,128
2025-08-10,SKU_402_LI,0,4,Filtre_Grubu,Lion's Intercity,35.0,15,128
2025-08-17,SKU_402_LI,0,4,Filtre_Grubu,Lion's Intercity,35.0,15,128
2025-08-24,SKU_402_LI,47,4,Filtre_Grubu,Lion's Intercity,35.0,15,128
2025-08-31,SKU_402_LI,0,4,Filtre_Grubu,Lion's Intercity,35.0,15,128
2025-09-07,SKU_402_LI,0,4,Filtre_Grubu,Lion's Intercity,35.0,15,128
2025-09-14,SKU_402_LI,0,4,Filtre_Grubu,Lion's Intercity,35.0,15,128
2025-09-21,SKU_402_LI,32,4,Filtre_Grubu,Lion's Intercity,35.0,15,128
2025-09-28,SKU_402_LI,0,4,Filtre_Grubu,Lion's Intercity,35.0,15,128
2025-10-05,SKU_402_LI,0,4,Filtre_Grubu,Lion's Intercity,35.0,15,128
2025-10-12,SKU_402_LI,0,4,Filtre_Grubu,Lion's Intercity,35.0,15,128
2025-10-19,SKU_402_LI,0,4,Filtre_Grubu,Lion's Intercity,35.0,15,128
2025-10-26,SKU_402_LI,0,4,Filtre_Grubu,Lion's Intercity,35.0,15,128
2025-11-02,SKU_402_LI,0,4,Filtre_Grubu,Lion's Intercity,35.0,15,128
2025-11-09,SKU_402_LI,55,4,Filtre_Grubu,Lion's Intercity,35.0,15,128
2025-11-16,SKU_402_LI,0,4,Filtre_Grubu,Lion's Intercity,35.0,15,128
2025-11-23,SKU_402_LI,0,4,Filtre_Grubu,Lion's Intercity,35.0,15,128
2025-11-30,SKU_402_LI,32,4,Filtre_Grubu,Lion's Intercity,35.0,15,128
2025-12-07,SKU_402_LI,0,4,Filtre_Grubu,Lion's Intercity,35.0,15,128
2025-12-14,SKU_402_LI,41,4,Filtre_Grubu,Lion's Intercity,35.0,15,128
2025-12-21,SKU_402_LI,0,4,Filtre_Grubu,Lion's Intercity,35.0,15,128
2025-12-28,SKU_402_LI,34,4,Filtre_Grubu,Lion's Intercity,35.0,15,128
2024-01-07,SKU_403_LI,324,1,Bağlantı_Elemanı,Lion's Intercity,2.8,200,983
2024-01-14,SKU_403_LI,351,1,Bağlantı_Elemanı,Lion's Intercity,2.8,200,983
2024-01-21,SKU_403_LI,353,1,Bağlantı_Elemanı,Lion's Intercity,2.8,200,983
2024-01-28,SKU_403_LI,267,1,Bağlantı_Elemanı,Lion's Intercity,2.8,200,983
2024-02-04,SKU_403_LI,218,1,Bağlantı_Elemanı,Lion's Intercity,2.8,200,983
2024-02-11,SKU_403_LI,366,1,Bağlantı_Elemanı,Lion's Intercity,2.8,200,983
2024-02-18,SKU_403_LI,345,1,Bağlantı_Elemanı,Lion's Intercity,2.8,200,983
2024-02-25,SKU_403_LI,401,1,Bağlantı_Elemanı,Lion's Intercity,2.8,200,983
2024-03-03,SKU_403_LI,441,1,Bağlantı_Elemanı,Lion's Intercity,2.8,200,983
2024-03-10,SKU_403_LI,0,1,Bağlantı_Elemanı,Lion's Intercity,2.8,200,983
2024-03-17,SKU_403_LI,307,1,Bağlantı_Elemanı,Lion's Intercity,2.8,200,983
2024-03-24,SKU_403_LI,318,1,Bağlantı_Elemanı,Lion's Intercity,2.8,200,983
2024-03-31,SKU_403_LI,349,1,Bağlantı_Elemanı,Lion's Intercity,2.8,200,983
2024-04-07,SKU_403_LI,0,1,Bağlantı_Elemanı,Lion's Intercity,2.8,200,983
2024-04-14,SKU_403_LI,419,1,Bağlantı_Elemanı,Lion's Intercity,2.8,200,983
2024-04-21,SKU_403_LI,210,1,Bağlantı_Elemanı,Lion's Intercity,2.8,200,983
2024-04-28,SKU_403_LI,277,1,Bağlantı_Elemanı,Lion's Intercity,2.8,200,983
2024-05-05,SKU_403_LI,384,1,Bağlantı_Elemanı,Lion's Intercity,2.8,200,983
2024-05-12,SKU_403_LI,201,1,Bağlantı_Elemanı,Lion's Intercity,2.8,200,983
2024-05-19,SKU_403_LI,206,1,Bağlantı_Elemanı,Lion's Intercity,2.8,200,983
2024-05-26,SKU_403_LI,266,1,Bağlantı_Elemanı,Lion's Intercity,2.8,200,983
2024-06-02,SKU_403_LI,324,1,Bağlantı_Elemanı,Lion's Intercity,2.8,200,983
2024-06-09,SKU_403_LI,440,1,Bağlantı_Elemanı,Lion's Intercity,2.8,200,983
2024-06-16,SKU_403_LI,0,1,Bağlantı_Elemanı,Lion's Intercity,2.8,200,983
2024-06-23,SKU_403_LI,245,1,Bağlantı_Elemanı,Lion's Intercity,2.8,200,983
2024-06-30,SKU_403_LI,0,1,Bağlantı_Elemanı,Lion's Intercity,2.8,200,983
2024-07-07,SKU_403_LI,241,1,Bağlantı_Elemanı,Lion's Intercity,2.8,200,983
2024-07-14,SKU_403_LI,308,1,Bağlantı_Elemanı,Lion's Intercity,2.8,200,983
2024-07-21,SKU_403_LI,0,1,Bağlantı_Elemanı,Lion's Intercity,2.8,200,983
2024-07-28,SKU_403_LI,0,1,Bağlantı_Elemanı,Lion's Intercity,2.8,200,983
2024-08-04,SKU_403_LI,330,1,Bağlantı_Elemanı,Lion's Intercity,2.8,200,983
2024-08-11,SKU_403_LI,296,1,Bağlantı_Elemanı,Lion's Intercity,2.8,200,983
2024-08-18,SKU_403_LI,368,1,Bağlantı_Elemanı,Lion's Intercity,2.8,200,983
2024-08-25,SKU_403_LI,212,1,Bağlantı_Elemanı,Lion's Intercity,2.8,200,983
2024-09-01,SKU_403_LI,329,1,Bağlantı_Elemanı,Lion's Intercity,2.8,200,983
2024-09-08,SKU_403_LI,371,1,Bağlantı_Elemanı,Lion's Intercity,2.8,200,983
2024-09-15,SKU_403_LI,348,1,Bağlantı_Elemanı,Lion's Intercity,2.8,200,983
2024-09-22,SKU_403_LI,399,1,Bağlantı_Elemanı,Lion's Intercity,2.8,200,983
2024-09-29,SKU_403_LI,445,1,Bağlantı_Elemanı,Lion's Intercity,2.8,200,983
2024-10-06,SKU_403_LI,257,1,Bağlantı_Elemanı,Lion's Intercity,2.8,200,983
2024-10-13,SKU_403_LI,269,1,Bağlantı_Elemanı,Lion's Intercity,2.8,200,983
2024-10-20,SKU_403_LI,0,1,Bağlantı_Elemanı,Lion's Intercity,2.8,200,983
2024-10-27,SKU_403_LI,301,1,Bağlantı_Elemanı,Lion's Intercity,2.8,200,983
2024-11-03,SKU_403_LI,297,1,Bağlantı_Elemanı,Lion's Intercity,2.8,200,983
2024-11-10,SKU_403_LI,315,1,Bağlantı_Elemanı,Lion's Intercity,2.8,200,983
2024-11-17,SKU_403_LI,0,1,Bağlantı_Elemanı,Lion's Intercity,2.8,200,983
2024-11-24,SKU_403_LI,235,1,Bağlantı_Elemanı,Lion's Intercity,2.8,200,983
2024-12-01,SKU_403_LI,420,1,Bağlantı_Elemanı,Lion's Intercity,2.8,200,983
2024-12-08,SKU_403_LI,448,1,Bağlantı_Elemanı,Lion's Intercity,2.8,200,983
2024-12-15,SKU_403_LI,0,1,Bağlantı_Elemanı,Lion's Intercity,2.8,200,983
2024-12-22,SKU_403_LI,357,1,Bağlantı_Elemanı,Lion's Intercity,2.8,200,983
2024-12-29,SKU_403_LI,343,1,Bağlantı_Elemanı,Lion's Intercity,2.8,200,983
2025-01-05,SKU_403_LI,0,1,Bağlantı_Elemanı,Lion's Intercity,2.8,200,983
2025-01-12,SKU_403_LI,335,1,Bağlantı_Elemanı,Lion's Intercity,2.8,200,983
2025-01-19,SKU_403_LI,343,1,Bağlantı_Elemanı,Lion's Intercity,2.8,200,983
2025-01-26,SKU_403_LI,222,1,Bağlantı_Elemanı,Lion's Intercity,2.8,200,983
2025-02-02,SKU_403_LI,303,1,Bağlantı_Elemanı,Lion's Intercity,2.8,200,983
2025-02-09,SKU_403_LI,0,1,Bağlantı_Elemanı,Lion's Intercity,2.8,200,983
2025-02-16,SKU_403_LI,447,1,Bağlantı_Elemanı,Lion's Intercity,2.8,200,983
2025-02-23,SKU_403_LI,320,1,Bağlantı_Elemanı,Lion's Intercity,2.8,200,983
2025-03-02,SKU_403_LI,283,1,Bağlantı_Elemanı,Lion's Intercity,2.8,200,983
2025-03-09,SKU_403_LI,409,1,Bağlantı_Elemanı,Lion's Intercity,2.8,200,983
2025-03-16,SKU_403_LI,231,1,Bağlantı_Elemanı,Lion's Intercity,2.8,200,983
2025-03-23,SKU_403_LI,0,1,Bağlantı_Elemanı,Lion's Intercity,2.8,200,983
2025-03-30,SKU_403_LI,237,1,Bağlantı_Elemanı,Lion's Intercity,2.8,200,983
2025-04-06,SKU_403_LI,0,1,Bağlantı_Elemanı,Lion's Intercity,2.8,200,983
2025-04-13,SKU_403_LI,0,1,Bağlantı_Elemanı,Lion's Intercity,2.8,200,983
2025-04-20,SKU_403_LI,0,1,Bağlantı_Elemanı,Lion's Intercity,2.8,200,983
2025-04-27,SKU_403_LI,436,1,Bağlantı_Elemanı,Lion's Intercity,2.8,200,983
2025-05-04,SKU_403_LI,284,1,Bağlantı_Elemanı,Lion's Intercity,2.8,200,983
2025-05-11,SKU_403_LI,448,1,Bağlantı_Elemanı,Lion's Intercity,2.8,200,983
2025-05-18,SKU_403_LI,274,1,Bağlantı_Elemanı,Lion's Intercity,2.8,200,983
2025-05-25,SKU_403_LI,389,1,Bağlantı_Elemanı,Lion's Intercity,2.8,200,983
2025-06-01,SKU_403_LI,395,1,Bağlantı_Elemanı,Lion's Intercity,2.8,200,983
2025-06-08,SKU_403_LI,205,1,Bağlantı_Elemanı,Lion's Intercity,2.8,200,983
2025-06-15,SKU_403_LI,370,1,Bağlantı_Elemanı,Lion's Intercity,2.8,200,983
2025-06-22,SKU_403_LI,259,1,Bağlantı_Elemanı,Lion's Intercity,2.8,200,983
2025-06-29,SKU_403_LI,433,1,Bağlantı_Elemanı,Lion's Intercity,2.8,200,983
2025-07-06,SKU_403_LI,248,1,Bağlantı_Elemanı,Lion's Intercity,2.8,200,983
2025-07-13,SKU_403_LI,0,1,Bağlantı_Elemanı,Lion's Intercity,2.8,200,983
2025-07-20,SKU_403_LI,234,1,Bağlantı_Elemanı,Lion's Intercity,2.8,200,983
2025-07-27,SKU_403_LI,433,1,Bağlantı_Elemanı,Lion's Intercity,2.8,200,983
2025-08-03,SKU_403_LI,333,1,Bağlantı_Elemanı,Lion's Intercity,2.8,200,983
2025-08-10,SKU_403_LI,0,1,Bağlantı_Elemanı,Lion's Intercity,2.8,200,983
2025-08-17,SKU_403_LI,213,1,Bağlantı_Elemanı,Lion's Intercity,2.8,200,983
2025-08-24,SKU_403_LI,0,1,Bağlantı_Elemanı,Lion's Intercity,2.8,200,983
2025-08-31,SKU_403_LI,265,1,Bağlantı_Elemanı,Lion's Intercity,2.8,200,983
2025-09-07,SKU_403_LI,0,1,Bağlantı_Elemanı,Lion's Intercity,2.8,200,983
2025-09-14,SKU_403_LI,405,1,Bağlantı_Elemanı,Lion's Intercity,2.8,200,983
2025-09-21,SKU_403_LI,209,1,Bağlantı_Elemanı,Lion's Intercity,2.8,200,983
2025-09-28,SKU_403_LI,224,1,Bağlantı_Elemanı,Lion's Intercity,2.8,200,983
2025-10-05,SKU_403_LI,232,1,Bağlantı_Elemanı,Lion's Intercity,2.8,200,983
2025-10-12,SKU_403_LI,213,1,Bağlantı_Elemanı,Lion's Intercity,2.8,200,983
2025-10-19,SKU_403_LI,0,1,Bağlantı_Elemanı,Lion's Intercity,2.8,200,983
2025-10-26,SKU_403_LI,437,1,Bağlantı_Elemanı,Lion's Intercity,2.8,200,983
2025-11-02,SKU_403_LI,0,1,Bağlantı_Elemanı,Lion's Intercity,2.8,200,983
2025-11-09,SKU_403_LI,368,1,Bağlantı_Elemanı,Lion's Intercity,2.8,200,983
2025-11-16,SKU_403_LI,340,1,Bağlantı_Elemanı,Lion's Intercity,2.8,200,983
2025-11-23,SKU_403_LI,335,1,Bağlantı_Elemanı,Lion's Intercity,2.8,200,983
2025-11-30,SKU_403_LI,395,1,Bağlantı_Elemanı,Lion's Intercity,2.8,200,983
2025-12-07,SKU_403_LI,0,1,Bağlantı_Elemanı,Lion's Intercity,2.8,200,983
2025-12-14,SKU_403_LI,387,1,Bağlantı_Elemanı,Lion's Intercity,2.8,200,983
2025-12-21,SKU_403_LI,327,1,Bağlantı_Elemanı,Lion's Intercity,2.8,200,983
2025-12-28,SKU_403_LI,340,1,Bağlantı_Elemanı,Lion's Intercity,2.8,200,983
